Starting Dynare (version 6.4).
Calling Dynare with arguments: none
Starting preprocessing of the model file ...
WARNING: you are using a function (max, min, abs, sign) or an operator (<, >, <=, >=, ==, !=) which is unsuitable for a stochastic context; see the reference manual, section about "Expressions", for more details.
Found 248 equation(s).
Evaluating expressions...
Computing static model derivatives (order 1).
Normalizing the static model...
Finding the optimal block decomposition of the static model...
26 block(s) found:
  23 recursive block(s) and 3 simultaneous block(s).
  the largest simultaneous block has 185 equation(s)
                                 and 185 feedback variable(s).
Computing dynamic model derivatives (order 1).
Normalizing the dynamic model...
Finding the optimal block decomposition of the dynamic model...
10 block(s) found:
  9 recursive block(s) and 1 simultaneous block(s).
  the largest simultaneous block has 213 equation(s)
                                 and 123 feedback variable(s).
Preprocessing completed.
Preprocessing time: 0h00m01s.
DYNARE_SOLVE (solve_algo=2|4): number of blocks = 62
MODEL_DIAGNOSTICS:  The Jacobian of the static model is singular
MODEL_DIAGNOSTICS:  there is 27 collinear relationships between the variables and the equations
Relation 1
Collinear variables:
Q
C
C_star
wHl
wHh
wLl
wLh
wHl_star
wHh_star
wLl_star
wLh_star
psiL
psiH
psiL_star
psiH_star
z_VL
z_VH
z_XL
z_XH
z_VL_star
z_VH_star
z_XL_star
z_XH_star
ztil_DL
ztil_DH
ztil_VL
ztil_VH
ztil_XL
ztil_XH
ztil_DL_star
ztil_DH_star
ztil_VL_star
ztil_VH_star
ztil_XL_star
ztil_XH_star
ptil_DL
ptil_DH
ptil_VL
ptil_VH
ptil_XL
ptil_XH
ptil_DL_star
ptil_DH_star
ptil_VL_star
ptil_VH_star
ptil_XL_star
ptil_XH_star
dtil_DH
dtil_VL
dtil_VH
dtil_XL
dtil_XH
dtil_DL_star
dtil_DH_star
dtil_VL_star
dtil_VH_star
dtil_XL_star
dtil_XH_star
ell_DL
ell_VL
ell_VH
ell_XL
ell_DL_star
ell_DH_star
ell_VL_star
ell_VH_star
ell_XL_star
ell_XH_star
h_DL
h_DH
h_VL
h_VH
h_XL
h_XH
h_DL_star
h_DH_star
h_VL_star
h_VH_star
h_XL_star
h_XH_star
G_DL
G_DH
G_VL
G_VH
G_XL
G_XH
G_DL_star
G_DH_star
G_VL_star
G_VH_star
G_XL_star
G_XH_star
massL
massH
massL_star
massH_star
mass_DL
mass_DH
mass_VL
mass_VH
mass_EL
mass_EH
mass_DL_star
mass_DH_star
mass_VL_star
mass_VH_star
mass_EL_star
mass_EH_star
mass_XL
mass_XH
mass_XL_star
mass_XH_star
agg_profitsL
agg_profitsH
agg_profitsL_star
agg_profitsH_star
Ll_demand
Hl_demand
Ll_demand_star
Hl_demand_star
Lh_demand
Hh_demand
Lh_demand_star
Hh_demand_star
agg_P_star
BOP
Z
Z_star
SDF
SDF_star
dH
dL_star
dH_star
vtilL
vtilH
vtilL_star
vtilH_star
h_supplyH
h_supplyL
l_supplyH
l_supplyL
h_supplyH_star
h_supplyL_star
l_supplyH_star
l_supplyL_star
HhE_supply
HlE_supply
LhE_supply
LlE_supply
HhE_supply_star
HlE_supply_star
LhE_supply_star
LlE_supply_star
TH_agg
TL_agg
TH_agg_star
TL_agg_star
BOP_TBL
BOP_TBH
BHh
BHl
BLh
BLl
BHh_star
BHl_star
BLh_star
BLl_star
CHh
CHl
CLh
CLl
CHh_star
CHl_star
CLh_star
CLl_star
SDFHh
SDFHl
SDFLh
SDFLl
SDFHh_star
SDFHl_star
SDFLh_star
SDFLl_star
T_agg
T_agg_star
r
r_star
THh
THl
TLh
TLl
THh_star
THl_star
TLh_star
TLl_star
profits_percapita
profits_percapita_star
VHh
VHl
VLh
VLl
VHh_star
VHl_star
VLh_star
VLl_star
epsh
epsl
epsh_star
epsl_star
tauIMH
s_DH
s_DH_star
VAH
VAL
VAH_star
VAL_star
YH
YL
YH_star
YL_star
wtil
wtil_star
gini
gini_star
agg_offsh
agg_offsh_star
Relation 2
Collinear variables:
Q
C
C_star
wHl
wHh
wLl
wLh
wHl_star
wHh_star
wLl_star
wLh_star
psiL
psiH
psiL_star
psiH_star
z_VL
z_VH
z_XL
z_XH
z_VL_star
z_VH_star
z_XL_star
z_XH_star
ztil_DL
ztil_DH
ztil_VL
ztil_VH
ztil_XL
ztil_XH
ztil_DL_star
ztil_DH_star
ztil_VL_star
ztil_VH_star
ztil_XL_star
ztil_XH_star
ptil_DL
ptil_DH
ptil_VL
ptil_VH
ptil_XL
ptil_XH
ptil_DL_star
ptil_DH_star
ptil_VL_star
ptil_VH_star
ptil_XL_star
ptil_XH_star
dtil_DL
dtil_DH
dtil_VL
dtil_VH
dtil_XL
dtil_XH
dtil_DL_star
dtil_DH_star
dtil_VL_star
dtil_VH_star
dtil_XL_star
dtil_XH_star
ell_DL
ell_VL
ell_VH
ell_XL
ell_DL_star
ell_VL_star
ell_VH_star
ell_XL_star
h_DL
h_DH
h_VL
h_XL
h_XH
h_DL_star
h_DH_star
h_VL_star
h_VH_star
h_XL_star
h_XH_star
G_DL
G_DH
G_VL
G_VH
G_XL
G_XH
G_DL_star
G_DH_star
G_VL_star
G_VH_star
G_XL_star
G_XH_star
massL
massH
massL_star
massH_star
mass_DL
mass_DH
mass_VL
mass_VH
mass_EL
mass_EH
mass_DL_star
mass_DH_star
mass_VL_star
mass_VH_star
mass_EL_star
mass_EH_star
mass_XL
mass_XH
mass_XL_star
mass_XH_star
agg_profitsL
agg_profitsH
agg_profitsL_star
agg_profitsH_star
Ll_demand
Hl_demand
Ll_demand_star
Hl_demand_star
Lh_demand
Hh_demand
Lh_demand_star
Hh_demand_star
agg_P
agg_P_star
BOP
Z
Z_star
SDF
SDF_star
dL
dH
dL_star
dH_star
vtilL
vtilH
vtilL_star
vtilH_star
h_supplyH
h_supplyL
l_supplyH
l_supplyL
h_supplyH_star
h_supplyL_star
l_supplyH_star
l_supplyL_star
HhE_supply
HlE_supply
LhE_supply
LlE_supply
HhE_supply_star
HlE_supply_star
LhE_supply_star
LlE_supply_star
TH_agg
TL_agg
TH_agg_star
TL_agg_star
BOP_TBL
BOP_TBH
BHh
BHl
BLh
BLl
BHh_star
BHl_star
BLh_star
BLl_star
CHh
CHl
CLh
CLl
CHh_star
CHl_star
CLh_star
CLl_star
SDFHh
SDFHl
SDFLh
SDFLl
SDFHh_star
SDFHl_star
SDFLh_star
SDFLl_star
T_agg
T_agg_star
r
r_star
THh
THl
TLh
TLl
THh_star
THl_star
TLh_star
TLl_star
profits_percapita
profits_percapita_star
VHh
VHl
VLh
VLl
VHh_star
VHl_star
VLh_star
VLl_star
epsh
epsl
epsh_star
epsl_star
tauIMH
tauIML
s_DH_star
VAH
VAL
VAH_star
VAL_star
YH
YL
YH_star
YL_star
wtil
wtil_star
gini_star
agg_offsh
agg_offsh_star
Relation 3
Collinear variables:
Q
C
C_star
wHl
wHh
wLl
wLh
wHl_star
wHh_star
wLl_star
wLh_star
psiL
psiH
psiL_star
psiH_star
z_VL
z_VH
z_XL
z_XH
z_VL_star
z_VH_star
z_XL_star
z_XH_star
ztil_DL
ztil_DH
ztil_VL
ztil_VH
ztil_XL
ztil_XH
ztil_DL_star
ztil_DH_star
ztil_VL_star
ztil_VH_star
ztil_XL_star
ztil_XH_star
ptil_DL
ptil_DH
ptil_VL
ptil_VH
ptil_XL
ptil_XH
ptil_DL_star
ptil_DH_star
ptil_VL_star
ptil_VH_star
ptil_XL_star
ptil_XH_star
dtil_DL
dtil_DH
dtil_VL
dtil_VH
dtil_XL
dtil_XH
dtil_DL_star
dtil_DH_star
dtil_VL_star
dtil_VH_star
dtil_XL_star
dtil_XH_star
ell_DL
ell_DH
ell_VL
ell_VH
ell_XL
ell_DL_star
ell_DH_star
ell_VL_star
ell_VH_star
ell_XL_star
ell_XH_star
h_DL
h_DH
h_VL
h_VH
h_XL
h_XH
h_DL_star
h_DH_star
h_VL_star
h_VH_star
h_XL_star
h_XH_star
G_DL
G_DH
G_VL
G_VH
G_XL
G_XH
G_DL_star
G_DH_star
G_VL_star
G_VH_star
G_XL_star
G_XH_star
massL
massH
massL_star
massH_star
mass_DL
mass_DH
mass_VL
mass_VH
mass_EL
mass_EH
mass_DL_star
mass_DH_star
mass_VL_star
mass_VH_star
mass_EL_star
mass_EH_star
mass_XL
mass_XH
mass_XL_star
mass_XH_star
agg_profitsL
agg_profitsH
agg_profitsL_star
agg_profitsH_star
Ll_demand
Hl_demand
Ll_demand_star
Hl_demand_star
Lh_demand
Hh_demand
Lh_demand_star
Hh_demand_star
agg_P
agg_P_star
BOP
Z
Z_star
SDF
SDF_star
dL
dH
dL_star
dH_star
vtilL
vtilH
vtilL_star
vtilH_star
h_supplyH
h_supplyL
l_supplyH
l_supplyL
h_supplyH_star
h_supplyL_star
l_supplyH_star
l_supplyL_star
HhE_supply
HlE_supply
LhE_supply
LlE_supply
HhE_supply_star
HlE_supply_star
LhE_supply_star
LlE_supply_star
BOP_FC
BOP_TB
TH_agg
TL_agg
TH_agg_star
TL_agg_star
BOP_TBL
BOP_TBH
BHh
BHl
BLh
BLl
BHh_star
BHl_star
BLh_star
BLl_star
CHh
CHl
CLh
CLl
CHh_star
CHl_star
CLh_star
CLl_star
SDFHh
SDFHl
SDFLh
SDFLl
SDFHh_star
SDFHl_star
SDFLh_star
SDFLl_star
T_agg
T_agg_star
r
r_star
THh
THl
TLh
TLl
THh_star
THl_star
TLh_star
TLl_star
profits_percapita
profits_percapita_star
VHh
VHl
VLh
VLl
VHh_star
VHl_star
VLh_star
VLl_star
epsh
epsl
epsh_star
epsl_star
VAH
VAL
VAH_star
VAL_star
YH
YL
YH_star
YL_star
wtil
wtil_star
gini
gini_star
agg_offsh
agg_offsh_star
Relation 4
Collinear variables:
Q
C
C_star
wHl
wHh
wLl
wLh
wHl_star
wHh_star
wLl_star
wLh_star
psiL
psiH
psiL_star
psiH_star
z_VL
z_VH
z_XL
z_XH
z_VL_star
z_VH_star
z_XL_star
z_XH_star
ztil_DL
ztil_DH
ztil_VL
ztil_VH
ztil_XL
ztil_XH
ztil_DL_star
ztil_DH_star
ztil_VL_star
ztil_VH_star
ztil_XL_star
ztil_XH_star
ptil_DL
ptil_DH
ptil_VL
ptil_VH
ptil_XL
ptil_XH
ptil_DL_star
ptil_DH_star
ptil_VL_star
ptil_VH_star
ptil_XL_star
ptil_XH_star
dtil_DL
dtil_DH
dtil_VL
dtil_VH
dtil_XL
dtil_XH
dtil_DL_star
dtil_DH_star
dtil_VL_star
dtil_VH_star
dtil_XL_star
dtil_XH_star
ell_DL
ell_VL
ell_VH
ell_XL
ell_XH
ell_DL_star
ell_DH_star
ell_VL_star
ell_VH_star
ell_XL_star
ell_XH_star
h_DL
h_DH
h_VL
h_VH
h_XL
h_XH
h_DL_star
h_DH_star
h_VL_star
h_VH_star
h_XL_star
h_XH_star
G_DL
G_DH
G_VL
G_VH
G_XL
G_XH
G_DL_star
G_DH_star
G_VL_star
G_VH_star
G_XL_star
G_XH_star
massL
massH
massL_star
massH_star
mass_DL
mass_DH
mass_VL
mass_VH
mass_EL
mass_EH
mass_DL_star
mass_DH_star
mass_VL_star
mass_VH_star
mass_EL_star
mass_EH_star
mass_XL
mass_XH
mass_XL_star
mass_XH_star
agg_profitsL
agg_profitsH
agg_profitsL_star
agg_profitsH_star
Ll_demand
Hl_demand
Ll_demand_star
Hl_demand_star
Lh_demand
Hh_demand
Lh_demand_star
Hh_demand_star
agg_P
agg_P_star
BOP
Z
Z_star
SDF
SDF_star
dL
dH
dL_star
dH_star
vtilL
vtilH
vtilL_star
vtilH_star
h_supplyH
h_supplyL
l_supplyH
l_supplyL
h_supplyH_star
h_supplyL_star
l_supplyH_star
l_supplyL_star
HhE_supply
HlE_supply
LhE_supply
LlE_supply
HhE_supply_star
HlE_supply_star
LlE_supply_star
TH_agg
TL_agg
TH_agg_star
TL_agg_star
BOP_TBL
BOP_TBH
BHh
BHl
BLh
BLl
BHh_star
BHl_star
BLh_star
BLl_star
CHh
CHl
CLh
CLl
CHh_star
CHl_star
CLh_star
CLl_star
SDFHh
SDFHl
SDFLh
SDFLl
SDFHh_star
SDFHl_star
SDFLh_star
SDFLl_star
T_agg
T_agg_star
r
r_star
THh
THl
TLh
TLl
THh_star
THl_star
TLh_star
TLl_star
profits_percapita
profits_percapita_star
VHh
VHl
VLh
VLl
VHh_star
VHl_star
VLh_star
VLl_star
epsh
epsl
epsh_star
epsl_star
VAH
VAL
VAH_star
VAL_star
YH
YL
YH_star
YL_star
wtil
wtil_star
gini
gini_star
agg_offsh
agg_offsh_star
Relation 5
Collinear variables:
Q
C
C_star
wHl
wHh
wLl
wLh
wHl_star
wHh_star
wLl_star
wLh_star
psiL
psiH
psiL_star
psiH_star
z_VL
z_VH
z_XL
z_XH
z_VL_star
z_VH_star
z_XL_star
z_XH_star
ztil_DL
ztil_DH
ztil_VL
ztil_VH
ztil_XL
ztil_XH
ztil_DL_star
ztil_DH_star
ztil_VL_star
ztil_VH_star
ztil_XL_star
ztil_XH_star
ptil_DL
ptil_DH
ptil_VL
ptil_VH
ptil_XL
ptil_XH
ptil_DL_star
ptil_DH_star
ptil_VL_star
ptil_VH_star
ptil_XL_star
ptil_XH_star
dtil_DL
dtil_DH
dtil_VL
dtil_VH
dtil_XL
dtil_XH
dtil_DL_star
dtil_DH_star
dtil_VL_star
dtil_VH_star
dtil_XL_star
dtil_XH_star
ell_DL
ell_DH
ell_VL
ell_VH
ell_XL
ell_DL_star
ell_DH_star
ell_VL_star
ell_VH_star
ell_XL_star
ell_XH_star
h_DL
h_DH
h_VL
h_VH
h_XL
h_XH
h_DL_star
h_DH_star
h_VL_star
h_VH_star
h_XL_star
h_XH_star
G_DL
G_DH
G_VL
G_VH
G_XL
G_XH
G_DL_star
G_DH_star
G_VL_star
G_VH_star
G_XL_star
G_XH_star
massL
massH
massL_star
massH_star
mass_DL
mass_DH
mass_VL
mass_VH
mass_EL
mass_EH
mass_DL_star
mass_DH_star
mass_VL_star
mass_VH_star
mass_EL_star
mass_EH_star
mass_XL
mass_XH
mass_XL_star
mass_XH_star
agg_profitsL
agg_profitsH
agg_profitsL_star
agg_profitsH_star
Ll_demand
Hl_demand
Ll_demand_star
Hl_demand_star
Lh_demand
Hh_demand
Lh_demand_star
Hh_demand_star
agg_P
agg_P_star
BOP
Z_star
SDF
SDF_star
dL
dH
dL_star
dH_star
vtilL
vtilH
vtilL_star
vtilH_star
h_supplyH
h_supplyL
l_supplyH
l_supplyL
h_supplyH_star
h_supplyL_star
l_supplyH_star
l_supplyL_star
HhE_supply
HlE_supply
LhE_supply
LlE_supply
HhE_supply_star
HlE_supply_star
LhE_supply_star
LlE_supply_star
BOP_FC
BOP_TB
TH_agg
TL_agg
TH_agg_star
TL_agg_star
BOP_TBL
BOP_TBH
BHh
BHl
BLh
BLl
BHh_star
BHl_star
BLh_star
BLl_star
CHh
CHl
CLh
CLl
CHh_star
CHl_star
CLh_star
CLl_star
SDFHh
SDFHl
SDFLh
SDFLl
SDFHh_star
SDFHl_star
SDFLh_star
SDFLl_star
T_agg
T_agg_star
r
THh
THl
TLh
TLl
THh_star
THl_star
TLh_star
TLl_star
profits_percapita
profits_percapita_star
VHh
VHl
VLh
VLl
VHh_star
VHl_star
VLh_star
VLl_star
epsh
epsl
epsh_star
epsl_star
s_DH
VAH
VAL
VAH_star
VAL_star
YH
YL
YH_star
YL_star
wtil
wtil_star
gini
gini_star
agg_offsh
agg_offsh_star
Relation 6
Collinear variables:
Q
C
C_star
wHl
wHh
wLl
wLh
wHl_star
wHh_star
wLl_star
wLh_star
psiL
psiH
psiL_star
psiH_star
z_VL
z_VH
z_XL
z_XH
z_VL_star
z_VH_star
z_XL_star
z_XH_star
ztil_DL
ztil_DH
ztil_VL
ztil_VH
ztil_XL
ztil_XH
ztil_DL_star
ztil_DH_star
ztil_VL_star
ztil_VH_star
ztil_XL_star
ztil_XH_star
ptil_DL
ptil_DH
ptil_VL
ptil_VH
ptil_XL
ptil_XH
ptil_DL_star
ptil_DH_star
ptil_VL_star
ptil_VH_star
ptil_XL_star
ptil_XH_star
dtil_DL
dtil_DH
dtil_VL
dtil_VH
dtil_XL
dtil_XH
dtil_DH_star
dtil_VL_star
dtil_VH_star
dtil_XL_star
dtil_XH_star
ell_DL
ell_DH
ell_VL
ell_VH
ell_DL_star
ell_DH_star
ell_VL_star
ell_VH_star
ell_XL_star
ell_XH_star
h_DL
h_DH
h_VL
h_VH
h_XL
h_XH
h_DL_star
h_DH_star
h_VL_star
h_XL_star
G_DL
G_DH
G_VL
G_VH
G_XL
G_XH
G_DL_star
G_DH_star
G_VL_star
G_VH_star
G_XL_star
G_XH_star
massL
massH
massL_star
massH_star
mass_DL
mass_DH
mass_VL
mass_VH
mass_EL
mass_EH
mass_DL_star
mass_DH_star
mass_VL_star
mass_VH_star
mass_EL_star
mass_EH_star
mass_XL
mass_XH
mass_XL_star
mass_XH_star
agg_profitsL
agg_profitsH
agg_profitsL_star
agg_profitsH_star
Ll_demand
Hl_demand
Ll_demand_star
Hl_demand_star
Lh_demand
Hh_demand
Lh_demand_star
Hh_demand_star
agg_P
agg_P_star
BOP
SDF
dL
dL_star
dH_star
vtilL
vtilH
vtilL_star
vtilH_star
h_supplyH
h_supplyL
l_supplyH
l_supplyL
h_supplyH_star
h_supplyL_star
l_supplyH_star
l_supplyL_star
HhE_supply
HlE_supply
LhE_supply
LlE_supply
HhE_supply_star
HlE_supply_star
LhE_supply_star
LlE_supply_star
BOP_FCL
BOP_FC
BOP_TB
TH_agg
TL_agg
TH_agg_star
TL_agg_star
BOP_TBL
BOP_TBH
BHh
BHl
BLh
BLl
BHl_star
BLh_star
BLl_star
CHh
CHl
CLh
CLl
CHh_star
CHl_star
CLh_star
CLl_star
SDFHl
SDFLh
SDFHl_star
SDFLh_star
T_agg
T_agg_star
THh
THl
TLh
TLl
THh_star
THl_star
TLh_star
TLl_star
profits_percapita
profits_percapita_star
VHh
VHl
VLh
VLl
VHh_star
VHl_star
VLh_star
VLl_star
epsh
epsl
epsh_star
epsl_star
VAH
VAL
VAH_star
VAL_star
YH
YL
YH_star
YL_star
wtil
wtil_star
gini
gini_star
agg_offsh
agg_offsh_star
Relation 7
Collinear variables:
Q
C
C_star
wHl
wHh
wLl
wLh
wHl_star
wHh_star
wLl_star
wLh_star
psiL
psiH
psiL_star
psiH_star
z_VL
z_VH
z_XL
z_XH
z_VL_star
z_VH_star
z_XL_star
z_XH_star
ztil_DL
ztil_DH
ztil_VL
ztil_VH
ztil_XL
ztil_XH
ztil_DL_star
ztil_DH_star
ztil_VL_star
ztil_VH_star
ztil_XL_star
ztil_XH_star
ptil_DL
ptil_DH
ptil_VL
ptil_VH
ptil_XL
ptil_XH
ptil_DL_star
ptil_DH_star
ptil_VL_star
ptil_VH_star
ptil_XL_star
ptil_XH_star
dtil_DL
dtil_DH
dtil_VL
dtil_VH
dtil_XL
dtil_XH
dtil_DL_star
dtil_DH_star
dtil_VL_star
dtil_VH_star
dtil_XL_star
dtil_XH_star
ell_DL
ell_DH
ell_VL
ell_VH
ell_XL
ell_XH
ell_DL_star
ell_DH_star
ell_VL_star
ell_VH_star
ell_XL_star
ell_XH_star
h_DL
h_DH
h_VL
h_VH
h_XL
h_XH
h_DL_star
h_DH_star
h_VL_star
h_VH_star
h_XL_star
h_XH_star
G_DL
G_DH
G_VL
G_VH
G_XL
G_XH
G_DL_star
G_DH_star
G_VL_star
G_VH_star
G_XL_star
G_XH_star
massL
massH
massL_star
massH_star
mass_DL
mass_DH
mass_VL
mass_VH
mass_EL
mass_EH
mass_DL_star
mass_DH_star
mass_VL_star
mass_VH_star
mass_EL_star
mass_EH_star
mass_XL
mass_XH
mass_XL_star
mass_XH_star
agg_profitsL
agg_profitsH
agg_profitsL_star
agg_profitsH_star
Ll_demand
Hl_demand
Ll_demand_star
Hl_demand_star
Lh_demand
Hh_demand
Lh_demand_star
Hh_demand_star
dL
dH
dL_star
dH_star
vtilL
vtilH
vtilL_star
vtilH_star
h_supplyH
h_supplyL
l_supplyH
l_supplyL
h_supplyH_star
h_supplyL_star
l_supplyH_star
l_supplyL_star
HhE_supply
LhE_supply
LlE_supply
HhE_supply_star
HlE_supply_star
LlE_supply_star
BOP_FCL
BOP_FC
BOP_TB
BOP_TBL
BOP_TBH
CHh
CHl
CLh
CLl
CHh_star
CHl_star
CLh_star
CLl_star
T_agg
T_agg_star
TLh_star
profits_percapita
profits_percapita_star
VHh
VHl
VLh
VLl
VHh_star
VHl_star
VLh_star
VLl_star
epsh
epsl
epsh_star
epsl_star
VAH
VAL
VAH_star
VAL_star
YH
YL
YH_star
YL_star
wtil
wtil_star
gini
gini_star
Relation 8
Collinear variables:
Q
C
C_star
wHl
wHh
wLl
wLh
wHl_star
wHh_star
wLl_star
wLh_star
psiL
psiH
psiL_star
psiH_star
z_VL
z_VH
z_XL
z_XH
z_VL_star
z_VH_star
z_XL_star
z_XH_star
ztil_DL
ztil_DH
ztil_VL
ztil_VH
ztil_XL
ztil_XH
ztil_DL_star
ztil_DH_star
ztil_VL_star
ztil_VH_star
ztil_XL_star
ztil_XH_star
ptil_DL
ptil_DH
ptil_VL
ptil_VH
ptil_XL
ptil_XH
ptil_DL_star
ptil_DH_star
ptil_VL_star
ptil_VH_star
ptil_XL_star
ptil_XH_star
dtil_DL
dtil_VL
dtil_DL_star
dtil_VL_star
dtil_VH_star
ell_DL
ell_VL
ell_DL_star
ell_VL_star
ell_VH_star
h_VL
h_VH
h_VL_star
h_VH_star
G_DL
G_DH
G_VL
G_VH
G_XL
G_XH
G_DL_star
G_DH_star
G_VL_star
G_VH_star
G_XL_star
G_XH_star
massL
massH
massL_star
massH_star
mass_DL
mass_DH
mass_VL
mass_VH
mass_EL
mass_EH
mass_DL_star
mass_DH_star
mass_VL_star
mass_VH_star
mass_EL_star
mass_EH_star
mass_XL
mass_XH
mass_XL_star
mass_XH_star
agg_profitsL
agg_profitsH
agg_profitsL_star
agg_profitsH_star
Ll_demand
Hl_demand
Ll_demand_star
Lh_demand
Hh_demand
Lh_demand_star
Hh_demand_star
vtilL
vtilH
vtilL_star
h_supplyH
h_supplyL
l_supplyH
l_supplyL
h_supplyH_star
h_supplyL_star
l_supplyH_star
l_supplyL_star
HhE_supply
HlE_supply
LhE_supply
LlE_supply
HhE_supply_star
LlE_supply_star
BOP_FC
BOP_TB
BOP_TBL
BOP_TBH
BHh
BLh
BLl
BHh_star
BHl_star
BLh_star
BLl_star
CHh
CHl
CLh
CLl
CHh_star
CHl_star
CLh_star
CLl_star
T_agg
T_agg_star
THl
THh_star
THl_star
profits_percapita
profits_percapita_star
VHh
VHl
VLh
VLl
VHh_star
VHl_star
VLh_star
VLl_star
epsh
epsl
epsh_star
epsl_star
s_DH
VAH
VAL
VAH_star
VAL_star
YH
YL
YH_star
YL_star
wtil
wtil_star
gini
gini_star
Relation 9
Collinear variables:
Q
C
C_star
wHl
wHh
wLl
wLh
wHl_star
wHh_star
wLl_star
wLh_star
psiL
psiH
psiL_star
psiH_star
z_VL
z_VH
z_XL
z_XH
z_VL_star
z_VH_star
z_XL_star
z_XH_star
ztil_DL
ztil_DH
ztil_VL
ztil_VH
ztil_XL
ztil_XH
ztil_DL_star
ztil_DH_star
ztil_VL_star
ztil_VH_star
ztil_XL_star
ztil_XH_star
ptil_DL
ptil_DH
ptil_VL
ptil_VH
ptil_XL
ptil_XH
ptil_DL_star
ptil_DH_star
ptil_VL_star
ptil_VH_star
ptil_XL_star
ptil_XH_star
dtil_VL
dtil_VL_star
ell_VL
ell_VL_star
h_VL
G_DL
G_DH
G_VL
G_VH
G_XL
G_XH
G_DL_star
G_DH_star
G_VL_star
G_VH_star
G_XL_star
G_XH_star
massL
massH
massL_star
massH_star
mass_DL
mass_DH
mass_VL
mass_VH
mass_EL
mass_EH
mass_DL_star
mass_DH_star
mass_VL_star
mass_VH_star
mass_EL_star
mass_EH_star
mass_XL
mass_XH
mass_XL_star
mass_XH_star
agg_profitsL
agg_profitsH
Ll_demand
Hl_demand
Lh_demand
Hh_demand
Lh_demand_star
Hh_demand_star
vtilL
h_supplyH
h_supplyL
l_supplyH
l_supplyL
h_supplyH_star
h_supplyL_star
l_supplyL_star
CHh
CHl
CLh
CLl
CHh_star
CHl_star
CLh_star
CLl_star
T_agg
T_agg_star
profits_percapita
profits_percapita_star
VHh
VHl
VLh
VLl
VHh_star
VHl_star
VLh_star
VLl_star
epsh
epsl
epsh_star
epsl_star
VAH
VAL
VAH_star
VAL_star
YH
YL
YH_star
YL_star
wtil
wtil_star
gini
gini_star
Relation 10
Collinear variables:
Q
C
wHl
wHh
wLl
wLh
wHl_star
wHh_star
wLl_star
wLh_star
psiL
psiH
psiL_star
psiH_star
z_VL
z_VH
z_XL
z_XH
z_VL_star
z_VH_star
z_XL_star
z_XH_star
ztil_DL
ztil_DH
ztil_VL
ztil_VH
ztil_XL
ztil_XH
ztil_DL_star
ztil_DH_star
ztil_VL_star
ztil_VH_star
ztil_XL_star
ztil_XH_star
ptil_DL
ptil_DH
ptil_VL
ptil_VH
ptil_XL
ptil_XH
ptil_DL_star
ptil_DH_star
ptil_VL_star
ptil_VH_star
ptil_XL_star
ptil_XH_star
G_DL
G_DH
G_VL
G_VH
G_XL
G_XH
G_DL_star
G_DH_star
G_VL_star
G_VH_star
G_XL_star
G_XH_star
massL
massH
massL_star
massH_star
mass_DL
mass_DH
mass_VL
mass_VH
mass_EL
mass_EH
mass_DL_star
mass_DH_star
mass_VL_star
mass_VH_star
mass_EL_star
mass_EH_star
mass_XL
mass_XH
mass_XL_star
mass_XH_star
CHh
CHl
CLh
CLl
CHh_star
CHl_star
CLh_star
CLl_star
T_agg
profits_percapita
profits_percapita_star
VHh
VHl
VLh
VLl
VHh_star
VHl_star
VLh_star
VLl_star
epsh
epsl
epsh_star
epsl_star
VAH_star
YH_star
gini
gini_star
Relation 11
Collinear variables:
Q
C
C_star
wHl
wHh
wLl
wLh
wHl_star
wHh_star
wLl_star
wLh_star
psiL
psiH
psiL_star
psiH_star
z_VL
z_VH
z_XL
z_XH
z_VL_star
z_VH_star
z_XL_star
z_XH_star
ztil_DL
ztil_DH
ztil_VL
ztil_VH
ztil_XL
ztil_XH
ztil_DL_star
ztil_DH_star
ztil_VL_star
ztil_VH_star
ztil_XL_star
ztil_XH_star
ptil_DL
ptil_DH
ptil_VL
ptil_VH
ptil_XL
ptil_XH
ptil_DL_star
ptil_DH_star
ptil_VL_star
ptil_VH_star
ptil_XL_star
ptil_XH_star
dtil_DL
dtil_VL
dtil_VL_star
dtil_VH_star
ell_DL
ell_VL
ell_VH
ell_DL_star
ell_VL_star
ell_VH_star
ell_XH_star
h_DL
h_VL
h_XL
h_DL_star
h_VL_star
h_XL_star
G_DL
G_DH
G_VL
G_VH
G_XL
G_XH
G_DL_star
G_DH_star
G_VL_star
G_VH_star
G_XL_star
G_XH_star
massL
massH
massL_star
massH_star
mass_DL
mass_DH
mass_VL
mass_VH
mass_EL
mass_EH
mass_DL_star
mass_DH_star
mass_VL_star
mass_VH_star
mass_EL_star
mass_EH_star
mass_XL
mass_XH
mass_XL_star
mass_XH_star
agg_profitsL
agg_profitsH
agg_profitsL_star
agg_profitsH_star
Ll_demand
Hl_demand
Ll_demand_star
Hl_demand_star
Lh_demand
Hh_demand
Lh_demand_star
Hh_demand_star
dL_star
vtilL
vtilH
vtilL_star
h_supplyH
h_supplyL
l_supplyH
l_supplyL
h_supplyH_star
h_supplyL_star
l_supplyH_star
l_supplyL_star
HhE_supply
HlE_supply
LhE_supply
LlE_supply
HhE_supply_star
HlE_supply_star
LhE_supply_star
LlE_supply_star
BOP_TBL
BOP_TBH
BHh
BHl
BHh_star
BHl_star
BLh_star
BLl_star
CHh
CHl
CLh
CLl
CHh_star
CHl_star
CLh_star
CLl_star
T_agg
T_agg_star
r
TLh
THh_star
TLl_star
profits_percapita
profits_percapita_star
VHh
VHl
VLh
VLl
VHh_star
VHl_star
VLh_star
VLl_star
epsh
epsl
epsh_star
epsl_star
VAH
VAL
VAH_star
VAL_star
YH
YL
YH_star
YL_star
wtil
wtil_star
gini
gini_star
Relation 12
Collinear variables:
Q
C
C_star
wHl
wHh
wLl
wLh
wHl_star
wHh_star
wLl_star
wLh_star
psiL
psiH
psiL_star
psiH_star
z_VL
z_VH
z_XL
z_XH
z_VL_star
z_VH_star
z_XL_star
z_XH_star
ztil_DL
ztil_DH
ztil_VL
ztil_VH
ztil_XL
ztil_XH
ztil_DL_star
ztil_DH_star
ztil_VL_star
ztil_VH_star
ztil_XL_star
ztil_XH_star
ptil_DL
ptil_DH
ptil_VL
ptil_VH
ptil_XL
ptil_XH
ptil_DL_star
ptil_DH_star
ptil_VL_star
ptil_VH_star
ptil_XL_star
ptil_XH_star
dtil_DL
dtil_DH
dtil_VL
dtil_VH
dtil_XL
dtil_XH
dtil_DL_star
dtil_DH_star
dtil_VL_star
dtil_VH_star
dtil_XL_star
dtil_XH_star
ell_DL
ell_DH
ell_VL
ell_VH
ell_XL
ell_XH
ell_DL_star
ell_DH_star
ell_VL_star
ell_VH_star
ell_XL_star
ell_XH_star
h_DL
h_DH
h_VL
h_VH
h_XL
h_XH
h_DL_star
h_DH_star
h_VH_star
h_XL_star
h_XH_star
G_DL
G_DH
G_VL
G_VH
G_XL
G_XH
G_DL_star
G_DH_star
G_VL_star
G_VH_star
G_XL_star
G_XH_star
massL
massH
massL_star
massH_star
mass_DL
mass_DH
mass_VL
mass_VH
mass_EL
mass_EH
mass_DL_star
mass_DH_star
mass_VL_star
mass_VH_star
mass_EL_star
mass_EH_star
mass_XL
mass_XH
mass_XL_star
mass_XH_star
agg_profitsL
agg_profitsH
agg_profitsL_star
agg_profitsH_star
Ll_demand
Hl_demand
Ll_demand_star
Hl_demand_star
Lh_demand
Hh_demand
Lh_demand_star
Hh_demand_star
dL
dH
dL_star
dH_star
vtilL
vtilH
vtilL_star
vtilH_star
h_supplyH
h_supplyL
l_supplyH
l_supplyL
h_supplyH_star
h_supplyL_star
l_supplyH_star
l_supplyL_star
HhE_supply
HlE_supply
LhE_supply
LlE_supply
HhE_supply_star
HlE_supply_star
LhE_supply_star
LlE_supply_star
BOP_TBL
BOP_TBH
BLl_star
CHh
CHl
CLh
CLl
CHh_star
CHl_star
CLh_star
CLl_star
T_agg
T_agg_star
profits_percapita
profits_percapita_star
VHh
VHl
VLh
VLl
VHh_star
VHl_star
VLh_star
VLl_star
epsh
epsl
epsh_star
epsl_star
s_DH
VAH
VAL
VAH_star
VAL_star
YH
YL
YH_star
YL_star
wtil
wtil_star
gini
gini_star
Relation 13
Collinear variables:
Q
C
C_star
wHl
wHh
wLl
wLh
wHl_star
wHh_star
wLl_star
wLh_star
psiL
psiH
psiL_star
psiH_star
z_VL
z_VH
z_XL
z_XH
z_VL_star
z_VH_star
z_XL_star
z_XH_star
ztil_DL
ztil_DH
ztil_VL
ztil_VH
ztil_XL
ztil_XH
ztil_DL_star
ztil_DH_star
ztil_VL_star
ztil_VH_star
ztil_XL_star
ztil_XH_star
ptil_DL
ptil_DH
ptil_VL
ptil_VH
ptil_XL
ptil_XH
ptil_DL_star
ptil_DH_star
ptil_VL_star
ptil_VH_star
ptil_XL_star
ptil_XH_star
dtil_DL
dtil_DH
dtil_VL
dtil_VH
dtil_XL
dtil_XH
dtil_DL_star
dtil_DH_star
dtil_VL_star
dtil_VH_star
dtil_XL_star
dtil_XH_star
ell_DL
ell_DH
ell_VL
ell_VH
ell_XL
ell_XH
ell_DL_star
ell_DH_star
ell_VL_star
ell_VH_star
ell_XL_star
ell_XH_star
h_DL
h_DH
h_VL
h_VH
h_XL
h_XH
h_DL_star
h_DH_star
h_VL_star
h_VH_star
h_XL_star
h_XH_star
G_DL
G_DH
G_VL
G_VH
G_XL
G_XH
G_DL_star
G_DH_star
G_VL_star
G_VH_star
G_XL_star
G_XH_star
massL
massH
massL_star
massH_star
mass_DL
mass_DH
mass_VL
mass_VH
mass_EL
mass_EH
mass_DL_star
mass_DH_star
mass_VL_star
mass_VH_star
mass_EL_star
mass_EH_star
mass_XL
mass_XH
mass_XL_star
mass_XH_star
agg_profitsL
agg_profitsH
agg_profitsL_star
agg_profitsH_star
Ll_demand
Hl_demand
Ll_demand_star
Hl_demand_star
Lh_demand
Hh_demand
Lh_demand_star
Hh_demand_star
agg_P
agg_P_star
BOP
SDF
SDF_star
dL
dL_star
dH_star
vtilL
vtilH
vtilL_star
vtilH_star
h_supplyH
h_supplyL
l_supplyH
l_supplyL
h_supplyH_star
h_supplyL_star
l_supplyH_star
l_supplyL_star
HhE_supply
HlE_supply
LhE_supply
LlE_supply
HhE_supply_star
HlE_supply_star
LhE_supply_star
LlE_supply_star
BOP_FCL
BOP_FC
BOP_TB
TH_agg
TL_agg
TH_agg_star
TL_agg_star
BOP_TBL
BOP_TBH
BHh
BHl
BLh
BLl
BHh_star
BHl_star
BLh_star
BLl_star
CHh
CHl
CLh
CLl
CHh_star
CHl_star
CLh_star
CLl_star
SDFLh
SDFHh_star
SDFLh_star
T_agg
T_agg_star
THh
THl
TLh
TLl
THh_star
THl_star
TLh_star
TLl_star
profits_percapita
profits_percapita_star
VHh
VHl
VLh
VLl
VHh_star
VHl_star
VLh_star
VLl_star
epsh
epsl
epsh_star
epsl_star
VAH
VAL
VAH_star
VAL_star
YH
YL
YH_star
YL_star
wtil
wtil_star
gini
gini_star
agg_offsh
agg_offsh_star
Relation 14
Collinear variables:
Q
C
C_star
wHl
wHh
wLl
wLh
wHl_star
wHh_star
wLl_star
wLh_star
psiL
psiH
psiL_star
psiH_star
z_VL
z_VH
z_XL
z_XH
z_VL_star
z_VH_star
z_XL_star
z_XH_star
ztil_DL
ztil_DH
ztil_VL
ztil_VH
ztil_XL
ztil_XH
ztil_DL_star
ztil_DH_star
ztil_VL_star
ztil_VH_star
ztil_XL_star
ztil_XH_star
ptil_DL
ptil_DH
ptil_VL
ptil_VH
ptil_XL
ptil_XH
ptil_DL_star
ptil_DH_star
ptil_VL_star
ptil_VH_star
ptil_XL_star
ptil_XH_star
dtil_DL
dtil_DH
dtil_VL
dtil_VH
dtil_XL
dtil_XH
dtil_DL_star
dtil_DH_star
dtil_VL_star
dtil_VH_star
dtil_XL_star
dtil_XH_star
ell_DL
ell_DH
ell_VL
ell_VH
ell_XL
ell_XH
ell_DL_star
ell_DH_star
ell_VL_star
ell_XL_star
ell_XH_star
h_DL
h_DH
h_VL
h_VH
h_XL
h_XH
h_DL_star
h_DH_star
h_VL_star
h_VH_star
h_XL_star
h_XH_star
G_DL
G_DH
G_VL
G_VH
G_XL
G_XH
G_DL_star
G_DH_star
G_VL_star
G_VH_star
G_XL_star
G_XH_star
massL
massH
massL_star
massH_star
mass_DL
mass_DH
mass_VL
mass_VH
mass_EL
mass_EH
mass_DL_star
mass_DH_star
mass_VL_star
mass_VH_star
mass_EL_star
mass_EH_star
mass_XL
mass_XH
mass_XL_star
mass_XH_star
agg_profitsL
agg_profitsH
agg_profitsL_star
agg_profitsH_star
Ll_demand
Hl_demand
Ll_demand_star
Hl_demand_star
Lh_demand
Hh_demand
Lh_demand_star
Hh_demand_star
agg_P
agg_P_star
BOP
SDF
SDF_star
dL
dH
dH_star
vtilL
vtilH
vtilL_star
vtilH_star
h_supplyH
h_supplyL
l_supplyH
l_supplyL
h_supplyH_star
h_supplyL_star
l_supplyH_star
l_supplyL_star
HhE_supply
HlE_supply
LlE_supply
HhE_supply_star
HlE_supply_star
LhE_supply_star
LlE_supply_star
BOP_FC
BOP_TB
TH_agg
TL_agg
TH_agg_star
TL_agg_star
BOP_TBL
BOP_TBH
BHl
BLh
BHh_star
BHl_star
BLh_star
BLl_star
CHh
CHl
CLh
CLl
CHh_star
CHl_star
CLh_star
CLl_star
SDFHl_star
SDFLh_star
T_agg
T_agg_star
THh
THl
TLh
THh_star
THl_star
TLh_star
TLl_star
profits_percapita
profits_percapita_star
VHh
VHl
VLh
VLl
VHh_star
VHl_star
VLh_star
VLl_star
epsh
epsl
epsh_star
epsl_star
VAH
VAL
VAH_star
VAL_star
YH
YL
YH_star
YL_star
wtil
wtil_star
gini
gini_star
agg_offsh
agg_offsh_star
Relation 15
Collinear variables:
Q
C
C_star
wHl
wHh
wLl
wLh
wHl_star
wHh_star
wLl_star
wLh_star
psiL
psiH
psiL_star
psiH_star
z_VL
z_VH
z_XL
z_XH
z_VL_star
z_VH_star
z_XL_star
z_XH_star
ztil_DL
ztil_DH
ztil_VL
ztil_VH
ztil_XL
ztil_XH
ztil_DL_star
ztil_DH_star
ztil_VL_star
ztil_VH_star
ztil_XL_star
ztil_XH_star
ptil_DL
ptil_DH
ptil_VL
ptil_VH
ptil_XL
ptil_XH
ptil_DL_star
ptil_DH_star
ptil_VL_star
ptil_VH_star
ptil_XL_star
ptil_XH_star
dtil_DL
dtil_DH
dtil_VL
dtil_VH
dtil_XL
dtil_XH
dtil_DL_star
dtil_DH_star
dtil_VL_star
dtil_VH_star
dtil_XL_star
dtil_XH_star
ell_DL
ell_DH
ell_VL
ell_VH
ell_XL
ell_XH
ell_DL_star
ell_DH_star
ell_VL_star
ell_VH_star
ell_XL_star
ell_XH_star
h_DL
h_DH
h_VL
h_VH
h_XL
h_XH
h_DH_star
h_VL_star
h_VH_star
h_XL_star
h_XH_star
G_DL
G_DH
G_VL
G_VH
G_XL
G_XH
G_DL_star
G_DH_star
G_VL_star
G_VH_star
G_XL_star
G_XH_star
massL
massH
massL_star
massH_star
mass_DL
mass_DH
mass_VL
mass_VH
mass_EL
mass_EH
mass_DL_star
mass_DH_star
mass_VL_star
mass_VH_star
mass_EL_star
mass_EH_star
mass_XL
mass_XH
mass_XL_star
mass_XH_star
agg_profitsL
agg_profitsH
agg_profitsL_star
agg_profitsH_star
Ll_demand
Hl_demand
Ll_demand_star
Hl_demand_star
Lh_demand
Hh_demand
Lh_demand_star
Hh_demand_star
agg_P
agg_P_star
BOP
SDF
SDF_star
dL
dH
dH_star
vtilL
vtilH
vtilL_star
vtilH_star
h_supplyH
h_supplyL
l_supplyH
l_supplyL
h_supplyH_star
h_supplyL_star
l_supplyH_star
l_supplyL_star
HhE_supply
HlE_supply
LhE_supply
LlE_supply
HhE_supply_star
HlE_supply_star
LhE_supply_star
LlE_supply_star
BOP_FCL
BOP_FC
BOP_TB
TH_agg
TL_agg
TH_agg_star
TL_agg_star
BOP_TBL
BOP_TBH
BHl
BLh
BLl
BHl_star
BLh_star
BLl_star
CHh
CHl
CLh
CLl
CHh_star
CHl_star
CLh_star
CLl_star
SDFHl
SDFLh
SDFHl_star
SDFLh_star
T_agg
T_agg_star
THh
THl
TLh
THh_star
THl_star
TLh_star
TLl_star
profits_percapita
profits_percapita_star
VHh
VHl
VLh
VLl
VHh_star
VHl_star
VLh_star
VLl_star
epsh
epsl
epsh_star
epsl_star
VAH
VAL
VAH_star
VAL_star
YH
YL
YH_star
YL_star
wtil
wtil_star
gini
gini_star
agg_offsh
agg_offsh_star
Relation 16
Collinear variables:
Q
C
C_star
wHl
wHh
wLl
wLh
wHl_star
wHh_star
wLl_star
wLh_star
psiL
psiH
psiL_star
psiH_star
z_VL
z_VH
z_XL
z_XH
z_VL_star
z_VH_star
z_XL_star
z_XH_star
ztil_DL
ztil_DH
ztil_VL
ztil_VH
ztil_XL
ztil_XH
ztil_DL_star
ztil_DH_star
ztil_VL_star
ztil_VH_star
ztil_XL_star
ztil_XH_star
ptil_DL
ptil_DH
ptil_VL
ptil_VH
ptil_XL
ptil_XH
ptil_DL_star
ptil_DH_star
ptil_VL_star
ptil_VH_star
ptil_XL_star
ptil_XH_star
dtil_DL
dtil_DH
dtil_VL
dtil_VH
dtil_XL
dtil_DL_star
dtil_DH_star
dtil_VL_star
dtil_VH_star
dtil_XL_star
dtil_XH_star
ell_DL
ell_DH
ell_VL
ell_VH
ell_XL
ell_XH
ell_DL_star
ell_DH_star
ell_VL_star
ell_VH_star
ell_XL_star
ell_XH_star
h_DL
h_DH
h_VL
h_VH
h_XL
h_XH
h_DL_star
h_DH_star
h_VL_star
h_VH_star
h_XL_star
h_XH_star
G_DL
G_DH
G_VL
G_VH
G_XL
G_XH
G_DL_star
G_DH_star
G_VL_star
G_VH_star
G_XL_star
G_XH_star
massL
massH
massL_star
massH_star
mass_DL
mass_DH
mass_VL
mass_VH
mass_EL
mass_EH
mass_DL_star
mass_DH_star
mass_VL_star
mass_VH_star
mass_EL_star
mass_EH_star
mass_XL
mass_XH
mass_XL_star
mass_XH_star
agg_profitsL
agg_profitsH
agg_profitsL_star
agg_profitsH_star
Ll_demand
Hl_demand
Ll_demand_star
Hl_demand_star
Lh_demand
Hh_demand
Lh_demand_star
Hh_demand_star
agg_P
agg_P_star
BOP
SDF
SDF_star
dL
dH
dL_star
dH_star
vtilL
vtilH
vtilL_star
vtilH_star
h_supplyH
h_supplyL
l_supplyH
l_supplyL
h_supplyH_star
h_supplyL_star
l_supplyH_star
l_supplyL_star
HhE_supply
HlE_supply
LhE_supply
LlE_supply
HhE_supply_star
HlE_supply_star
LhE_supply_star
LlE_supply_star
BOP_FCL
BOP_FC
BOP_TB
TH_agg
TL_agg
TH_agg_star
TL_agg_star
BOP_TBL
BOP_TBH
BHh
BHl
BLh
BLl
BHh_star
BHl_star
BLh_star
BLl_star
CHh
CHl
CLh
CLl
CHh_star
CHl_star
CLh_star
CLl_star
SDFHh
SDFHl
SDFLh
SDFLl
SDFHh_star
SDFHl_star
SDFLh_star
SDFLl_star
T_agg
T_agg_star
THh
THl
TLh
TLl
THh_star
THl_star
TLl_star
profits_percapita
profits_percapita_star
VHh
VHl
VLh
VLl
VHh_star
VHl_star
VLh_star
VLl_star
epsh
epsl
epsh_star
epsl_star
VAH
VAL
VAH_star
VAL_star
YH
YL
YH_star
YL_star
wtil
wtil_star
gini
gini_star
agg_offsh
agg_offsh_star
Relation 17
Collinear variables:
Q
C
C_star
wHl
wHh
wLl
wLh
wHl_star
wHh_star
wLl_star
wLh_star
psiL
psiH
psiL_star
psiH_star
z_VL
z_VH
z_XL
z_XH
z_VL_star
z_VH_star
z_XL_star
z_XH_star
ztil_DL
ztil_DH
ztil_VL
ztil_VH
ztil_XL
ztil_XH
ztil_DL_star
ztil_DH_star
ztil_VL_star
ztil_VH_star
ztil_XL_star
ztil_XH_star
ptil_DL
ptil_DH
ptil_VL
ptil_VH
ptil_XL
ptil_XH
ptil_DL_star
ptil_DH_star
ptil_VL_star
ptil_VH_star
ptil_XL_star
ptil_XH_star
dtil_DL
dtil_VL
dtil_XL
dtil_DL_star
dtil_DH_star
dtil_VL_star
dtil_VH_star
dtil_XL_star
dtil_XH_star
ell_DL
ell_VL
ell_VH
ell_XL
ell_DL_star
ell_DH_star
ell_VL_star
h_DL
h_DH
h_VL
h_VH
h_XL
h_XH
h_DH_star
h_VL_star
h_XL_star
G_DL
G_DH
G_VL
G_VH
G_XL
G_XH
G_DL_star
G_DH_star
G_VL_star
G_VH_star
G_XL_star
G_XH_star
massL
massH
massL_star
massH_star
mass_DL
mass_DH
mass_VL
mass_VH
mass_EL
mass_EH
mass_DL_star
mass_DH_star
mass_VL_star
mass_VH_star
mass_EL_star
mass_EH_star
mass_XL
mass_XH
mass_XL_star
mass_XH_star
agg_profitsL
agg_profitsH
agg_profitsL_star
agg_profitsH_star
Ll_demand
Hl_demand
Ll_demand_star
Hl_demand_star
Lh_demand
Hh_demand
Lh_demand_star
Hh_demand_star
agg_P
agg_P_star
BOP
SDF
SDF_star
dL
dH_star
vtilL
vtilH
vtilL_star
vtilH_star
h_supplyH
h_supplyL
l_supplyH
l_supplyL
h_supplyH_star
h_supplyL_star
l_supplyH_star
l_supplyL_star
HhE_supply
HlE_supply
LhE_supply
LlE_supply
HhE_supply_star
HlE_supply_star
LhE_supply_star
LlE_supply_star
TH_agg
TL_agg
TH_agg_star
TL_agg_star
BOP_TBL
BOP_TBH
BHh
BHl
BLh
BLl
BHh_star
BHl_star
BLh_star
BLl_star
CHh
CHl
CLh
CLl
CHh_star
CHl_star
CLh_star
CLl_star
SDFHh
SDFHl
SDFLh
SDFLl
SDFHl_star
SDFLl_star
T_agg
T_agg_star
THh
THl
TLh
TLl
THh_star
THl_star
TLh_star
TLl_star
profits_percapita
profits_percapita_star
VHh
VHl
VLh
VLl
VHh_star
VHl_star
VLh_star
VLl_star
epsh
epsl
epsh_star
epsl_star
VAH
VAL
VAH_star
VAL_star
YH
YL
YH_star
YL_star
wtil
wtil_star
gini
gini_star
agg_offsh
agg_offsh_star
Relation 18
Collinear variables:
Q
C
C_star
wHl
wHh
wLl
wLh
wHl_star
wHh_star
wLl_star
wLh_star
psiL
psiH
psiL_star
psiH_star
z_VL
z_VH
z_XL
z_XH
z_VL_star
z_VH_star
z_XL_star
z_XH_star
ztil_DL
ztil_DH
ztil_VL
ztil_VH
ztil_XL
ztil_XH
ztil_DL_star
ztil_DH_star
ztil_VL_star
ztil_VH_star
ztil_XL_star
ztil_XH_star
ptil_DL
ptil_DH
ptil_VL
ptil_VH
ptil_XL
ptil_XH
ptil_DL_star
ptil_DH_star
ptil_VL_star
ptil_VH_star
ptil_XL_star
ptil_XH_star
dtil_DL
dtil_DH
dtil_VL
dtil_VH
dtil_XL
dtil_XH
dtil_DL_star
dtil_DH_star
dtil_VL_star
dtil_VH_star
dtil_XL_star
dtil_XH_star
ell_DL
ell_DH
ell_VL
ell_VH
ell_XL
ell_XH
ell_DL_star
ell_DH_star
ell_VL_star
ell_VH_star
ell_XL_star
ell_XH_star
h_DL
h_DH
h_VL
h_VH
h_XL
h_XH
h_DL_star
h_DH_star
h_VL_star
h_VH_star
h_XL_star
h_XH_star
G_DL
G_DH
G_VL
G_VH
G_XL
G_XH
G_DL_star
G_DH_star
G_VL_star
G_VH_star
G_XL_star
G_XH_star
massL
massH
massL_star
massH_star
mass_DL
mass_DH
mass_VL
mass_VH
mass_EL
mass_EH
mass_DL_star
mass_DH_star
mass_VL_star
mass_VH_star
mass_EL_star
mass_EH_star
mass_XL
mass_XH
mass_XL_star
mass_XH_star
agg_profitsL
agg_profitsH
agg_profitsL_star
agg_profitsH_star
Ll_demand
Hl_demand
Ll_demand_star
Hl_demand_star
Lh_demand
Hh_demand
Lh_demand_star
Hh_demand_star
agg_P
agg_P_star
BOP
SDF
SDF_star
dL
dH
dL_star
dH_star
vtilL
vtilH
vtilL_star
vtilH_star
h_supplyH
h_supplyL
l_supplyH
l_supplyL
h_supplyH_star
h_supplyL_star
l_supplyH_star
l_supplyL_star
HhE_supply
HlE_supply
LhE_supply
LlE_supply
HhE_supply_star
HlE_supply_star
LhE_supply_star
LlE_supply_star
BOP_FCL
TH_agg
TL_agg
TH_agg_star
TL_agg_star
BOP_TBL
BOP_TBH
BHh
BHl
BLh
BLl
BHh_star
BHl_star
BLh_star
BLl_star
CHh
CHl
CLh
CLl
CHh_star
CHl_star
CLh_star
CLl_star
SDFHh
SDFHl
SDFLh
SDFLl
SDFHh_star
SDFHl_star
SDFLh_star
SDFLl_star
T_agg
T_agg_star
r_star
THh
THl
TLh
TLl
THh_star
THl_star
TLh_star
TLl_star
profits_percapita
profits_percapita_star
VHh
VHl
VLh
VLl
VHh_star
VHl_star
VLh_star
VLl_star
epsh
epsl
epsh_star
epsl_star
VAH
VAL
VAH_star
VAL_star
YH
YL
YH_star
YL_star
wtil
wtil_star
gini
gini_star
agg_offsh
agg_offsh_star
Relation 19
Collinear variables:
Q
C
C_star
wHl
wHh
wLl
wLh
wHl_star
wHh_star
wLl_star
wLh_star
psiL
psiH
psiL_star
psiH_star
z_VL
z_VH
z_XL
z_XH
z_VL_star
z_VH_star
z_XL_star
z_XH_star
ztil_DL
ztil_DH
ztil_VL
ztil_VH
ztil_XL
ztil_XH
ztil_DL_star
ztil_DH_star
ztil_VL_star
ztil_VH_star
ztil_XL_star
ztil_XH_star
ptil_DL
ptil_DH
ptil_VL
ptil_VH
ptil_XL
ptil_XH
ptil_DL_star
ptil_DH_star
ptil_VL_star
ptil_VH_star
ptil_XL_star
ptil_XH_star
dtil_DL
dtil_DH
dtil_VL
dtil_VH
dtil_XL
dtil_XH
dtil_DL_star
dtil_DH_star
dtil_VL_star
dtil_VH_star
dtil_XL_star
dtil_XH_star
ell_DL
ell_DH
ell_VL
ell_VH
ell_XL
ell_XH
ell_DL_star
ell_DH_star
ell_VL_star
ell_VH_star
ell_XL_star
ell_XH_star
h_DL
h_DH
h_VL
h_VH
h_XL
h_XH
h_DL_star
h_DH_star
h_VL_star
h_VH_star
h_XL_star
h_XH_star
G_DL
G_DH
G_VL
G_VH
G_XL
G_XH
G_DL_star
G_DH_star
G_VL_star
G_VH_star
G_XL_star
G_XH_star
massL
massH
massL_star
massH_star
mass_DL
mass_DH
mass_VL
mass_VH
mass_EL
mass_EH
mass_DL_star
mass_DH_star
mass_VL_star
mass_VH_star
mass_EL_star
mass_EH_star
mass_XL
mass_XH
mass_XL_star
mass_XH_star
agg_profitsH
agg_profitsL_star
agg_profitsH_star
Ll_demand
Hl_demand
Ll_demand_star
Hl_demand_star
Lh_demand
Hh_demand
Lh_demand_star
Hh_demand_star
agg_P
agg_P_star
BOP
SDF
SDF_star
dL
dL_star
vtilL
vtilH
vtilL_star
vtilH_star
h_supplyH
h_supplyL
l_supplyH
l_supplyL
h_supplyH_star
h_supplyL_star
l_supplyH_star
l_supplyL_star
HhE_supply
HlE_supply
LhE_supply
HhE_supply_star
HlE_supply_star
LhE_supply_star
LlE_supply_star
BOP_FCL
TH_agg_star
TL_agg_star
BOP_TBL
BOP_TBH
BHl
BHh_star
BHl_star
BLh_star
BLl_star
CHh
CHl
CLh
CLl
CHh_star
CHl_star
CLh_star
CLl_star
T_agg
T_agg_star
TLh
TLh_star
TLl_star
profits_percapita
profits_percapita_star
VHh
VHl
VLh
VLl
VHh_star
VHl_star
VLh_star
VLl_star
epsh
epsl
epsh_star
epsl_star
VAH
VAL
VAH_star
VAL_star
YH
YL
YH_star
YL_star
wtil
wtil_star
gini
gini_star
agg_offsh
agg_offsh_star
Relation 20
Collinear variables:
Q
C
C_star
wHl
wHh
wLl
wLh
wHl_star
wHh_star
wLl_star
wLh_star
psiL
psiH
psiL_star
psiH_star
z_VL
z_VH
z_XL
z_XH
z_VL_star
z_VH_star
z_XL_star
z_XH_star
ztil_DL
ztil_DH
ztil_VL
ztil_VH
ztil_XL
ztil_XH
ztil_DL_star
ztil_DH_star
ztil_VL_star
ztil_VH_star
ztil_XL_star
ztil_XH_star
ptil_DL
ptil_DH
ptil_VL
ptil_VH
ptil_XL
ptil_XH
ptil_DL_star
ptil_DH_star
ptil_VL_star
ptil_VH_star
ptil_XL_star
ptil_XH_star
dtil_DL
dtil_VL
dtil_XL
dtil_XH
dtil_DH_star
dtil_VL_star
dtil_XL_star
ell_DL
ell_DH
ell_VL
ell_VH
ell_XL
ell_XH
ell_DL_star
ell_DH_star
ell_VL_star
ell_VH_star
ell_XL_star
ell_XH_star
h_DL
h_DH
h_VL
h_VH
h_XL
h_XH
h_DL_star
h_DH_star
h_VL_star
h_VH_star
h_XL_star
h_XH_star
G_DL
G_DH
G_VL
G_VH
G_XL
G_XH
G_DL_star
G_DH_star
G_VL_star
G_VH_star
G_XL_star
G_XH_star
massL
massH
massL_star
massH_star
mass_DL
mass_DH
mass_VL
mass_VH
mass_EL
mass_EH
mass_DL_star
mass_DH_star
mass_VL_star
mass_VH_star
mass_EL_star
mass_EH_star
mass_XL
mass_XH
mass_XL_star
mass_XH_star
agg_profitsL
agg_profitsH
agg_profitsL_star
agg_profitsH_star
Ll_demand
Hl_demand
Ll_demand_star
Hl_demand_star
Lh_demand
Hh_demand
Lh_demand_star
Hh_demand_star
agg_P
agg_P_star
BOP
SDF
SDF_star
dL
vtilL
vtilH
vtilL_star
vtilH_star
h_supplyH
h_supplyL
l_supplyH
l_supplyL
h_supplyH_star
h_supplyL_star
l_supplyH_star
l_supplyL_star
HhE_supply
HlE_supply
LhE_supply
HhE_supply_star
HlE_supply_star
LhE_supply_star
LlE_supply_star
TH_agg
TL_agg
TH_agg_star
TL_agg_star
BOP_TBL
BOP_TBH
BHh
BHl
BLh
BLl
BHh_star
BHl_star
BLh_star
BLl_star
CHh
CHl
CLh
CLl
CHh_star
CHl_star
CLh_star
CLl_star
SDFLh
SDFLl
SDFHh_star
SDFLl_star
T_agg
T_agg_star
THh
THl
TLh
TLl
THh_star
THl_star
TLh_star
TLl_star
profits_percapita
profits_percapita_star
VHh
VHl
VLh
VLl
VHh_star
VHl_star
VLh_star
VLl_star
epsh
epsl
epsh_star
epsl_star
VAH
VAL
VAH_star
VAL_star
YH
YL
YH_star
YL_star
wtil
wtil_star
gini
gini_star
agg_offsh
Relation 21
Collinear variables:
Q
C
C_star
wHl
wHh
wLl
wLh
wHl_star
wHh_star
wLl_star
wLh_star
psiL
psiH
psiL_star
psiH_star
z_VL
z_VH
z_XL
z_XH
z_VL_star
z_VH_star
z_XL_star
z_XH_star
ztil_DL
ztil_DH
ztil_VL
ztil_VH
ztil_XL
ztil_XH
ztil_DL_star
ztil_DH_star
ztil_VL_star
ztil_VH_star
ztil_XL_star
ztil_XH_star
ptil_DL
ptil_DH
ptil_VL
ptil_VH
ptil_XL
ptil_XH
ptil_DL_star
ptil_DH_star
ptil_VL_star
ptil_VH_star
ptil_XL_star
ptil_XH_star
dtil_DL
dtil_DH
dtil_VL
dtil_VH
dtil_XH
dtil_VL_star
dtil_VH_star
ell_DL
ell_VL
ell_XL
ell_DL_star
ell_VL_star
ell_VH_star
h_DL
h_DH
h_VL
h_XL
h_DL_star
h_DH_star
h_VL_star
h_VH_star
G_DL
G_DH
G_VL
G_VH
G_XL
G_XH
G_DL_star
G_DH_star
G_VL_star
G_VH_star
G_XL_star
G_XH_star
massL
massH
massL_star
massH_star
mass_DL
mass_DH
mass_VL
mass_VH
mass_EL
mass_EH
mass_DL_star
mass_DH_star
mass_VL_star
mass_VH_star
mass_EL_star
mass_EH_star
mass_XL
mass_XH
mass_XL_star
mass_XH_star
agg_profitsL
agg_profitsH
agg_profitsL_star
agg_profitsH_star
Ll_demand
Hl_demand
Ll_demand_star
Hl_demand_star
Lh_demand
Hh_demand
Lh_demand_star
Hh_demand_star
dH
vtilL
vtilH
vtilL_star
h_supplyH
h_supplyL
l_supplyH
l_supplyL
h_supplyH_star
h_supplyL_star
l_supplyH_star
l_supplyL_star
HhE_supply
HlE_supply
LhE_supply
LlE_supply
HhE_supply_star
HlE_supply_star
LlE_supply_star
BOP_FCL
BOP_FC
BOP_TB
BOP_TBL
BOP_TBH
CHh
CHl
CLh
CLl
CHh_star
CHl_star
CLh_star
CLl_star
T_agg
T_agg_star
TLl_star
profits_percapita
profits_percapita_star
VHh
VHl
VLh
VLl
VHh_star
VHl_star
VLh_star
VLl_star
epsh
epsl
epsh_star
epsl_star
VAH
VAL
VAH_star
VAL_star
YH
YL
YH_star
YL_star
wtil
wtil_star
gini
gini_star
Relation 22
Collinear variables:
Q
C
C_star
wHl
wHh
wLl
wLh
wHl_star
wHh_star
wLl_star
wLh_star
psiL
psiH
psiL_star
psiH_star
z_VL
z_VH
z_XL
z_XH
z_VL_star
z_VH_star
z_XL_star
z_XH_star
ztil_DL
ztil_DH
ztil_VL
ztil_VH
ztil_XL
ztil_XH
ztil_DL_star
ztil_DH_star
ztil_VL_star
ztil_VH_star
ztil_XL_star
ztil_XH_star
ptil_DL
ptil_DH
ptil_VL
ptil_VH
ptil_XL
ptil_XH
ptil_DL_star
ptil_DH_star
ptil_VL_star
ptil_VH_star
ptil_XL_star
ptil_XH_star
dtil_DL
dtil_DH
dtil_VL
dtil_VH
dtil_XL
dtil_XH
dtil_DL_star
dtil_DH_star
dtil_VL_star
dtil_VH_star
dtil_XL_star
dtil_XH_star
ell_DL
ell_DH
ell_VL
ell_VH
ell_XL
ell_XH
ell_DL_star
ell_DH_star
ell_VL_star
ell_VH_star
ell_XL_star
ell_XH_star
h_DL
h_DH
h_VL
h_VH
h_XL
h_XH
h_DL_star
h_DH_star
h_VH_star
h_XL_star
h_XH_star
G_DL
G_DH
G_VL
G_VH
G_XL
G_XH
G_DL_star
G_DH_star
G_VL_star
G_VH_star
G_XL_star
G_XH_star
massL
massH
massL_star
massH_star
mass_DL
mass_DH
mass_VL
mass_VH
mass_EL
mass_EH
mass_DL_star
mass_DH_star
mass_VL_star
mass_VH_star
mass_EL_star
mass_EH_star
mass_XL
mass_XH
mass_XL_star
mass_XH_star
agg_profitsL
agg_profitsH
agg_profitsL_star
agg_profitsH_star
Ll_demand
Hl_demand
Ll_demand_star
Hl_demand_star
Lh_demand
Hh_demand
Lh_demand_star
Hh_demand_star
agg_P
agg_P_star
BOP
SDF
SDF_star
dL
dH
dL_star
dH_star
vtilL
vtilH
vtilL_star
vtilH_star
h_supplyH
h_supplyL
l_supplyH
l_supplyL
h_supplyH_star
h_supplyL_star
l_supplyH_star
l_supplyL_star
HhE_supply
HlE_supply
LlE_supply
HhE_supply_star
HlE_supply_star
LhE_supply_star
LlE_supply_star
BOP_FCL
BOP_FC
BOP_TB
TH_agg
TL_agg
TH_agg_star
TL_agg_star
BOP_TBL
BOP_TBH
BHl
BLl_star
CHh
CHl
CLh
CLl
CHh_star
CHl_star
CLh_star
CLl_star
T_agg
T_agg_star
TLh_star
profits_percapita
profits_percapita_star
VHh
VHl
VLh
VLl
VHh_star
VHl_star
VLh_star
VLl_star
epsh
epsl
epsh_star
epsl_star
s_DH
VAH
VAL
VAH_star
VAL_star
YH
YL
YH_star
YL_star
wtil
wtil_star
gini
gini_star
agg_offsh
agg_offsh_star
Relation 23
Collinear variables:
Q
C
C_star
wHl
wHh
wLl
wLh
wHl_star
wHh_star
wLl_star
wLh_star
psiL
psiH
psiL_star
psiH_star
z_VL
z_VH
z_XL
z_XH
z_VL_star
z_VH_star
z_XL_star
z_XH_star
ztil_DL
ztil_DH
ztil_VL
ztil_VH
ztil_XL
ztil_XH
ztil_DL_star
ztil_DH_star
ztil_VL_star
ztil_VH_star
ztil_XL_star
ztil_XH_star
ptil_DL
ptil_DH
ptil_VL
ptil_VH
ptil_XL
ptil_XH
ptil_DL_star
ptil_DH_star
ptil_VL_star
ptil_VH_star
ptil_XL_star
ptil_XH_star
dtil_DL
dtil_DH
dtil_VL
dtil_XL
dtil_DL_star
dtil_DH_star
dtil_VL_star
dtil_VH_star
dtil_XH_star
ell_DL
ell_DH
ell_VL
ell_VH
ell_XL
ell_XH
ell_DL_star
ell_DH_star
ell_VL_star
ell_VH_star
ell_XL_star
ell_XH_star
h_DL
h_DH
h_VL
h_XL
h_XH
h_DL_star
h_DH_star
h_VL_star
h_VH_star
h_XL_star
h_XH_star
G_DL
G_DH
G_VL
G_VH
G_XL
G_XH
G_DL_star
G_DH_star
G_VL_star
G_VH_star
G_XL_star
G_XH_star
massL
massH
massL_star
massH_star
mass_DL
mass_DH
mass_VL
mass_VH
mass_EL
mass_EH
mass_DL_star
mass_DH_star
mass_VL_star
mass_VH_star
mass_EL_star
mass_EH_star
mass_XL
mass_XH
mass_XL_star
mass_XH_star
agg_profitsL
agg_profitsH
agg_profitsL_star
agg_profitsH_star
Ll_demand
Hl_demand
Ll_demand_star
Hl_demand_star
Lh_demand
Hh_demand
Lh_demand_star
Hh_demand_star
dL
dH_star
vtilL
vtilH
vtilL_star
vtilH_star
h_supplyH
h_supplyL
l_supplyH
l_supplyL
h_supplyH_star
h_supplyL_star
l_supplyH_star
l_supplyL_star
HhE_supply
HlE_supply
LhE_supply
LlE_supply
HhE_supply_star
HlE_supply_star
LhE_supply_star
LlE_supply_star
BOP_FCL
BOP_FC
BOP_TB
BOP_TBL
BOP_TBH
BHl
BLh
BHl_star
BLl_star
CHh
CHl
CLh
CLl
CHh_star
CHl_star
CLh_star
CLl_star
T_agg
T_agg_star
THh
THl
TLh
THh_star
TLh_star
TLl_star
profits_percapita
profits_percapita_star
VHh
VHl
VLh
VLl
VHh_star
VHl_star
VLh_star
VLl_star
epsh
epsl
epsh_star
epsl_star
VAH
VAL
VAH_star
VAL_star
YH
YL
YH_star
YL_star
wtil
wtil_star
gini
gini_star
Relation 24
Collinear variables:
Q
C
C_star
wHl
wHh
wLl
wLh
wHl_star
wHh_star
wLl_star
wLh_star
psiL
psiH
psiL_star
psiH_star
z_VL
z_VH
z_XL
z_XH
z_VL_star
z_VH_star
z_XL_star
z_XH_star
ztil_DL
ztil_DH
ztil_VL
ztil_VH
ztil_XL
ztil_XH
ztil_DL_star
ztil_DH_star
ztil_VL_star
ztil_VH_star
ztil_XL_star
ztil_XH_star
ptil_DL
ptil_DH
ptil_VL
ptil_VH
ptil_XL
ptil_XH
ptil_DL_star
ptil_DH_star
ptil_VL_star
ptil_VH_star
ptil_XL_star
ptil_XH_star
dtil_VL
dtil_VH
dtil_VL_star
dtil_VH_star
ell_DL
ell_VL
ell_VH
ell_XL
ell_DL_star
ell_VL_star
h_VH
h_VL_star
h_VH_star
G_DL
G_DH
G_VL
G_VH
G_XL
G_XH
G_DL_star
G_DH_star
G_VL_star
G_VH_star
G_XL_star
G_XH_star
massL
massH
massL_star
massH_star
mass_DL
mass_DH
mass_VL
mass_VH
mass_EL
mass_EH
mass_DL_star
mass_DH_star
mass_VL_star
mass_VH_star
mass_EL_star
mass_EH_star
mass_XL
mass_XH
mass_XL_star
mass_XH_star
agg_profitsL
agg_profitsH
agg_profitsL_star
agg_profitsH_star
Ll_demand
Hl_demand
Ll_demand_star
Hl_demand_star
Lh_demand
Hh_demand
Lh_demand_star
Hh_demand_star
vtilL
vtilH
vtilL_star
vtilH_star
h_supplyH
h_supplyL
l_supplyH
l_supplyL
h_supplyH_star
h_supplyL_star
l_supplyH_star
l_supplyL_star
HhE_supply
HlE_supply
LhE_supply
LlE_supply
HlE_supply_star
LlE_supply_star
BOP_TBL
BOP_TBH
BHh
BLh
BHh_star
BLh_star
BLl_star
CHh
CHl
CLh
CLl
CHh_star
CHl_star
CLh_star
CLl_star
T_agg
T_agg_star
THl_star
profits_percapita
profits_percapita_star
VHh
VHl
VLh
VLl
VHh_star
VHl_star
VLh_star
VLl_star
epsh
epsl
epsh_star
epsl_star
s_DH
VAH
VAL
VAH_star
VAL_star
YH
YL
YH_star
YL_star
wtil
wtil_star
gini
gini_star
Relation 25
Collinear variables:
Q
C
C_star
wHl
wHh
wLl
wLh
wHl_star
wHh_star
wLl_star
wLh_star
psiL
psiH
psiL_star
psiH_star
z_VL
z_VH
z_XL
z_XH
z_VL_star
z_VH_star
z_XL_star
z_XH_star
ztil_DL
ztil_DH
ztil_VL
ztil_VH
ztil_XL
ztil_XH
ztil_DL_star
ztil_DH_star
ztil_VL_star
ztil_VH_star
ztil_XL_star
ztil_XH_star
ptil_DL
ptil_DH
ptil_VL
ptil_VH
ptil_XL
ptil_XH
ptil_DL_star
ptil_DH_star
ptil_VL_star
ptil_VH_star
ptil_XL_star
ptil_XH_star
dtil_DL
dtil_DH
dtil_VL
dtil_XL
dtil_DH_star
dtil_VL_star
dtil_VH_star
dtil_XL_star
dtil_XH_star
ell_DL
ell_DH
ell_VL
ell_VH
ell_XL
ell_XH
ell_DL_star
ell_DH_star
ell_VL_star
ell_VH_star
ell_XL_star
ell_XH_star
h_DL
h_DH
h_VL
h_XL
h_XH
h_DL_star
h_DH_star
h_VL_star
h_VH_star
h_XL_star
G_DL
G_DH
G_VL
G_VH
G_XL
G_XH
G_DL_star
G_DH_star
G_VL_star
G_VH_star
G_XL_star
G_XH_star
massL
massH
massL_star
massH_star
mass_DL
mass_DH
mass_VL
mass_VH
mass_EL
mass_EH
mass_DL_star
mass_DH_star
mass_VL_star
mass_VH_star
mass_EL_star
mass_EH_star
mass_XL
mass_XH
mass_XL_star
mass_XH_star
agg_profitsL
agg_profitsH
agg_profitsL_star
agg_profitsH_star
Ll_demand
Hl_demand
Ll_demand_star
Hl_demand_star
Lh_demand
Hh_demand
Lh_demand_star
Hh_demand_star
dL
dH_star
vtilL
vtilH
vtilL_star
vtilH_star
h_supplyH
h_supplyL
l_supplyH
l_supplyL
h_supplyH_star
h_supplyL_star
l_supplyH_star
l_supplyL_star
HhE_supply
HlE_supply
LhE_supply
LlE_supply
HhE_supply_star
HlE_supply_star
LhE_supply_star
LlE_supply_star
BOP_FCL
BOP_FC
BOP_TB
BOP_TBL
BOP_TBH
BLh_star
CHh
CHl
CLh
CLl
CHh_star
CHl_star
CLh_star
CLl_star
T_agg
T_agg_star
TLh
TLh_star
TLl_star
profits_percapita
profits_percapita_star
VHh
VHl
VLh
VLl
VHh_star
VHl_star
VLh_star
VLl_star
epsh
epsl
epsh_star
epsl_star
s_DH
VAH
VAL
VAH_star
VAL_star
YH
YL
YH_star
YL_star
wtil
wtil_star
gini
gini_star
Relation 26
Collinear variables:
Q
C
C_star
wHl
wHh
wLl
wLh
wHl_star
wHh_star
wLl_star
wLh_star
psiL
psiH
psiL_star
psiH_star
z_VL
z_VH
z_XL
z_XH
z_VL_star
z_VH_star
z_XL_star
z_XH_star
ztil_DL
ztil_DH
ztil_VL
ztil_VH
ztil_XL
ztil_XH
ztil_DL_star
ztil_DH_star
ztil_VL_star
ztil_VH_star
ztil_XL_star
ztil_XH_star
ptil_DL
ptil_DH
ptil_VL
ptil_VH
ptil_XL
ptil_XH
ptil_DL_star
ptil_DH_star
ptil_VL_star
ptil_VH_star
ptil_XL_star
ptil_XH_star
dtil_DL
dtil_VL
dtil_DL_star
dtil_VL_star
ell_DL
ell_VL
ell_VH
ell_XL
ell_DL_star
ell_VL_star
h_DL
h_DH
h_VL
h_XL
h_XH
h_DL_star
h_VL_star
h_VH_star
G_DL
G_DH
G_VL
G_VH
G_XL
G_XH
G_DL_star
G_DH_star
G_VL_star
G_VH_star
G_XL_star
G_XH_star
massL
massH
massL_star
massH_star
mass_DL
mass_DH
mass_VL
mass_VH
mass_EL
mass_EH
mass_DL_star
mass_DH_star
mass_VL_star
mass_VH_star
mass_EL_star
mass_EH_star
mass_XL
mass_XH
mass_XL_star
mass_XH_star
agg_profitsL
agg_profitsH
agg_profitsL_star
agg_profitsH_star
Ll_demand
Hl_demand
Ll_demand_star
Hl_demand_star
Lh_demand
Hh_demand
Lh_demand_star
Hh_demand_star
dL
dL_star
vtilL
vtilH
vtilL_star
vtilH_star
h_supplyH
h_supplyL
l_supplyH
l_supplyL
h_supplyH_star
h_supplyL_star
l_supplyH_star
l_supplyL_star
HhE_supply
HlE_supply
LhE_supply
LlE_supply
HhE_supply_star
HlE_supply_star
LhE_supply_star
LlE_supply_star
BOP_TBL
BOP_TBH
BHh
BHl
BLl
BHh_star
BHl_star
BLh_star
BLl_star
CHh
CHl
CLh
CLl
CHh_star
CHl_star
CLh_star
CLl_star
T_agg
T_agg_star
r_star
THh
THl
TLh_star
profits_percapita
profits_percapita_star
VHh
VHl
VLh
VLl
VHh_star
VHl_star
VLh_star
VLl_star
epsh
epsl
epsh_star
epsl_star
s_DH
VAH
VAL
VAH_star
VAL_star
YH
YL
YH_star
YL_star
wtil
wtil_star
gini
gini_star
Relation 27
Collinear variables:
Q
C
C_star
wHl
wHh
wLl
wLh
wHl_star
wHh_star
wLl_star
wLh_star
psiL
psiH
psiL_star
psiH_star
z_VL
z_VH
z_XL
z_XH
z_VL_star
z_VH_star
z_XL_star
z_XH_star
ztil_DL
ztil_DH
ztil_VL
ztil_VH
ztil_XL
ztil_XH
ztil_DL_star
ztil_DH_star
ztil_VL_star
ztil_VH_star
ztil_XL_star
ztil_XH_star
ptil_DL
ptil_DH
ptil_VL
ptil_VH
ptil_XL
ptil_XH
ptil_DL_star
ptil_DH_star
ptil_VL_star
ptil_VH_star
ptil_XL_star
ptil_XH_star
dtil_DL
dtil_VL
dtil_VL_star
dtil_VH_star
ell_DL
ell_VL
ell_VL_star
ell_VH_star
h_VL
h_VH_star
G_DL
G_DH
G_VL
G_VH
G_XL
G_XH
G_DL_star
G_DH_star
G_VL_star
G_VH_star
G_XL_star
G_XH_star
massL
massH
massL_star
massH_star
mass_DL
mass_DH
mass_VL
mass_VH
mass_EL
mass_EH
mass_DL_star
mass_DH_star
mass_VL_star
mass_VH_star
mass_EL_star
mass_EH_star
mass_XL
mass_XH
mass_XL_star
mass_XH_star
agg_profitsL
agg_profitsH
agg_profitsL_star
agg_profitsH_star
Ll_demand
Hl_demand
Ll_demand_star
Hl_demand_star
Lh_demand
Hh_demand
Lh_demand_star
Hh_demand_star
vtilL
vtilH
vtilL_star
vtilH_star
h_supplyH
h_supplyL
l_supplyH
l_supplyL
h_supplyH_star
h_supplyL_star
l_supplyH_star
l_supplyL_star
HlE_supply
LlE_supply
HhE_supply_star
HlE_supply_star
LlE_supply_star
BOP_TBL
BOP_TBH
BHh
BHl
BHh_star
BHl_star
BLl_star
CHh
CHl
CLh
CLl
CHh_star
CHl_star
CLh_star
CLl_star
T_agg
T_agg_star
THh
profits_percapita
profits_percapita_star
VHh
VHl
VLh
VLl
VHh_star
VHl_star
VLh_star
VLl_star
epsh
epsl
epsh_star
epsl_star
s_DH
VAH
VAL
VAH_star
VAL_star
YH
YL
YH_star
YL_star
wtil
wtil_star
gini
gini_star
Relation 1
Collinear equations
  Columns 1 through 23
     1     2     3     4     5     6     7     8     9    10    11    12    13    14    15    16    17    18    19    20    21    22    23
  Columns 24 through 46
    24    25    26    27    28    29    30    31    32    33    34    35    36    37    38    39    40    41    42    43    44    45    46
  Columns 47 through 69
    47    48    49    50    51    52    53    54    55    56    57    58    59    60    61    62    63    64    65    66    67    68    69
  Columns 70 through 92
    70    71    72    73    74    75    76    77    78    79    80    81    82    83    84    85    86    87    88    89    90    91    92
  Columns 93 through 115
    93    94    95    96    97    98    99   100   101   102   103   104   105   106   107   108   109   110   111   112   113   114   115
  Columns 116 through 138
   116   117   118   119   120   121   122   123   124   125   126   127   128   129   130   131   132   133   134   135   138   139   140
  Columns 139 through 161
   141   142   143   144   145   146   147   148   149   150   151   152   153   154   155   156   157   158   159   160   161   162   163
  Columns 162 through 184
   164   166   167   168   169   170   171   172   173   174   175   176   177   178   179   180   181   182   183   184   185   186   187
  Columns 185 through 207
   189   191   192   193   194   195   196   197   198   199   200   201   202   203   204   205   206   207   208   209   210   211   214
  Columns 208 through 230
   215   216   217   218   219   220   221   222   223   224   225   226   227   228   229   230   231   232   233   234   235   236   237
  Columns 231 through 241
   238   239   240   241   242   243   244   245   246   247   248
Relation 2
Collinear equations
  Columns 1 through 23
     1     2     3     4     5     6     7     8     9    10    11    12    13    14    15    16    17    18    19    20    21    22    23
  Columns 24 through 46
    24    25    26    27    28    29    30    31    32    33    34    35    36    37    38    39    40    41    42    43    44    45    46
  Columns 47 through 69
    47    48    49    50    51    52    53    54    55    56    57    58    59    60    61    62    63    64    65    66    67    68    69
  Columns 70 through 92
    70    71    72    73    74    75    76    77    78    79    80    81    82    83    84    85    86    87    88    89    90    91    92
  Columns 93 through 115
    93    94    95    96    97    98    99   100   101   102   103   104   105   106   107   108   109   110   111   112   113   114   115
  Columns 116 through 138
   116   117   118   119   120   121   122   123   124   125   126   127   128   129   130   131   132   133   134   135   136   137   138
  Columns 139 through 161
   139   140   141   142   143   144   145   146   147   148   149   150   151   152   153   154   155   156   157   158   159   160   161
  Columns 162 through 184
   162   163   164   165   166   167   168   169   170   171   172   173   174   175   176   177   178   179   180   181   182   183   184
  Columns 185 through 207
   185   186   187   188   189   190   191   192   193   194   195   196   197   198   199   200   201   202   203   204   205   206   207
  Columns 208 through 230
   208   209   210   211   214   215   216   217   218   219   220   221   222   223   224   225   226   227   228   229   230   231   232
  Columns 231 through 246
   233   234   235   236   237   238   239   240   241   242   243   244   245   246   247   248
Relation 3
Collinear equations
  Columns 1 through 23
     1     2     3     4     5     6     7     8     9    10    11    12    13    14    15    16    17    18    19    20    21    22    23
  Columns 24 through 46
    24    25    26    27    28    29    30    31    32    33    34    35    36    37    38    39    40    41    42    43    44    45    46
  Columns 47 through 69
    47    48    49    50    51    52    53    54    55    56    57    58    59    60    61    62    63    64    65    66    67    68    69
  Columns 70 through 92
    70    71    72    73    74    75    76    77    78    79    80    81    82    83    84    85    86    87    88    89    91    92    93
  Columns 93 through 115
    94    95    96    97    98    99   100   101   102   103   104   105   106   107   108   109   110   111   112   113   114   115   116
  Columns 116 through 138
   117   118   119   120   121   122   123   124   125   126   127   128   129   130   131   132   133   134   135   138   139   140   141
  Columns 139 through 161
   142   143   144   145   146   147   148   149   150   151   152   153   154   155   156   157   158   159   160   161   162   163   165
  Columns 162 through 184
   166   167   168   169   170   171   172   173   174   175   176   177   178   179   180   181   182   183   184   185   186   187   189
  Columns 185 through 207
   191   192   193   194   195   196   197   198   199   200   201   202   203   204   205   206   207   208   209   210   211   214   215
  Columns 208 through 230
   216   217   218   219   220   221   222   223   224   225   226   227   228   229   230   231   232   233   234   235   236   237   238
  Columns 231 through 240
   239   240   241   242   243   244   245   246   247   248
Relation 4
Collinear equations
  Columns 1 through 23
     1     2     3     4     5     6     7     8     9    10    11    12    13    14    15    16    17    18    19    20    21    22    23
  Columns 24 through 46
    24    25    26    27    28    29    30    31    32    33    34    35    36    37    38    39    40    41    42    43    44    45    46
  Columns 47 through 69
    47    48    49    50    51    52    53    54    55    56    57    58    59    60    61    62    63    64    65    66    67    68    69
  Columns 70 through 92
    70    71    72    73    74    75    76    77    78    79    80    81    82    83    84    85    86    87    88    89    90    91    92
  Columns 93 through 115
    93    94    95    96    97    98    99   100   101   102   103   104   105   106   107   108   109   110   111   112   113   114   115
  Columns 116 through 138
   116   117   118   119   120   121   122   123   124   125   126   127   128   129   130   131   132   133   134   135   136   138   139
  Columns 139 through 161
   140   141   142   143   144   145   146   147   148   149   150   151   152   153   154   155   156   157   158   159   160   161   162
  Columns 162 through 184
   163   164   165   166   167   168   169   170   171   172   173   174   175   176   177   178   179   180   181   182   183   184   185
  Columns 185 through 207
   186   187   188   189   190   191   192   193   194   195   196   197   198   199   200   201   202   203   204   205   206   207   208
  Columns 208 through 230
   209   210   211   214   215   216   217   218   219   220   221   222   223   224   225   226   227   228   229   230   231   232   233
  Columns 231 through 245
   234   235   236   237   238   239   240   241   242   243   244   245   246   247   248
Relation 5
Collinear equations
  Columns 1 through 23
     1     2     3     4     5     6     7     8     9    10    11    12    13    14    15    16    17    18    19    20    21    22    23
  Columns 24 through 46
    24    25    26    27    28    29    30    31    32    33    34    35    36    37    38    39    40    41    42    43    44    45    46
  Columns 47 through 69
    47    48    49    50    51    52    53    54    55    56    57    58    59    60    61    62    63    64    65    66    67    68    69
  Columns 70 through 92
    70    71    72    73    74    75    76    77    78    79    80    81    82    83    84    85    86    87    88    89    91    93    95
  Columns 93 through 115
    96    97    98    99   100   101   102   103   104   105   106   107   108   109   110   111   112   113   114   115   116   117   118
  Columns 116 through 138
   119   120   121   122   123   124   125   126   127   128   129   130   131   132   133   134   135   136   137   138   139   140   141
  Columns 139 through 161
   142   143   144   145   146   147   148   149   150   151   152   153   154   155   156   157   158   159   160   161   162   163   164
  Columns 162 through 184
   165   166   167   168   169   170   171   172   173   174   175   176   177   178   179   180   181   182   183   184   185   186   187
  Columns 185 through 207
   188   189   190   191   192   193   194   195   196   197   198   199   200   201   203   206   207   208   209   210   211   214   215
  Columns 208 through 230
   216   217   218   219   220   221   222   223   224   225   226   227   228   229   230   231   232   233   234   235   236   237   238
  Columns 231 through 240
   239   240   241   242   243   244   245   246   247   248
Relation 6
Collinear equations
  Columns 1 through 23
     1     2     3     4     5     6     7     8     9    10    11    12    13    14    15    16    17    18    19    20    21    22    23
  Columns 24 through 46
    24    25    26    27    28    29    30    31    32    33    34    35    36    37    38    39    40    41    42    43    44    45    46
  Columns 47 through 69
    47    48    49    50    51    52    53    54    55    56    57    58    59    60    61    62    63    64    65    66    67    68    69
  Columns 70 through 92
    70    71    72    73    74    75    76    77    78    79    80    81    82    83    84    85    86    87    88    89    91    93    94
  Columns 93 through 115
    95    96    97    99   100   101   102   103   104   105   106   107   108   109   110   111   112   113   114   115   116   117   118
  Columns 116 through 138
   119   120   121   122   123   124   125   126   127   128   129   130   131   132   133   134   135   136   137   138   139   140   141
  Columns 139 through 161
   142   143   144   145   146   147   148   149   150   151   152   153   154   155   156   157   158   159   160   161   162   163   164
  Columns 162 through 184
   165   166   167   168   169   170   171   172   173   174   175   176   177   178   179   180   181   182   183   184   185   186   187
  Columns 185 through 207
   188   189   190   191   192   193   194   195   196   197   198   199   200   201   203   206   207   208   209   210   211   214   215
  Columns 208 through 230
   216   217   218   219   220   221   222   223   224   225   226   227   228   229   230   231   232   233   234   235   236   237   238
  Columns 231 through 240
   239   240   241   242   243   244   245   246   247   248
Relation 7
Collinear equations
  Columns 1 through 23
     1     2     3     4     5     6     7     8     9    10    11    12    13    14    15    16    17    18    19    20    21    22    23
  Columns 24 through 46
    24    25    26    27    28    29    30    31    32    33    34    35    36    37    38    39    40    41    42    43    44    45    46
  Columns 47 through 69
    47    48    49    50    51    52    53    54    55    56    57    58    59    60    61    62    63    64    65    66    67    68    69
  Columns 70 through 92
    70    71    72    73    74    75    76    77    78    79    80    81    82    83    84    85    86    87    88    89    91    92    93
  Columns 93 through 115
    95    96    97    98    99   100   101   102   103   104   105   106   107   108   109   110   111   112   113   114   115   116   117
  Columns 116 through 138
   118   119   120   121   122   123   124   125   126   127   128   129   130   131   132   133   134   135   136   137   138   139   140
  Columns 139 through 161
   141   142   143   144   145   146   147   148   149   150   151   152   153   154   155   156   157   158   159   160   161   162   163
  Columns 162 through 184
   165   166   167   168   169   170   171   172   173   174   175   176   177   178   179   180   181   182   183   184   185   186   187
  Columns 185 through 207
   188   189   190   191   192   193   194   195   196   197   198   199   200   201   206   207   208   209   210   211   214   215   216
  Columns 208 through 230
   217   218   219   220   221   222   223   224   225   226   227   228   229   230   231   232   233   234   235   236   237   238   239
  Columns 231 through 239
   240   241   242   243   244   245   246   247   248
Relation 8
Collinear equations
  Columns 1 through 23
     1     3     4     5     6     7     8     9    10    11    12    13    14    15    16    17    18    19    20    21    22    23    24
  Columns 24 through 46
    25    26    27    28    29    30    31    32    33    34    35    36    37    38    39    40    41    42    43    44    45    46    47
  Columns 47 through 69
    48    49    50    51    52    53    54    55    56    57    58    59    60    61    62    63    64    65    66    67    68    69    70
  Columns 70 through 92
    71    72    73    74    75    76    77    78    79    80    81    82    83    84    85    86    87    88    89    90    91    92    93
  Columns 93 through 115
    95    96    97    99   101   102   104   105   106   107   108   109   110   111   112   113   114   115   116   117   118   119   120
  Columns 116 through 138
   121   122   123   124   125   126   127   128   129   130   131   132   133   134   135   138   139   140   141   142   143   144   145
  Columns 139 through 161
   146   147   148   149   150   151   152   153   154   155   156   157   158   159   160   161   162   163   164   165   166   167   168
  Columns 162 through 184
   169   170   171   172   173   174   175   176   177   178   179   180   181   182   183   184   185   186   187   188   189   190   191
  Columns 185 through 207
   192   193   194   195   196   197   198   199   200   201   210   211   214   215   216   217   218   219   220   221   222   223   225
  Columns 208 through 227
   226   227   228   229   230   231   235   236   237   238   239   240   241   242   243   244   245   246   247   248
Relation 9
Collinear equations
  Columns 1 through 23
    33    34    35    36    37    38    39    40    41    42    43    44    45    46    47    48    49    50    51    52    53    54    55
  Columns 24 through 46
    56    57    58    59    60    61    62    63    64    65    66    67    68    79    81    82    83    84    85    86    87    88   105
  Columns 47 through 69
   106   107   108   109   110   111   112   113   114   115   116   123   124   125   126   127   128   129   130   131   133   134   138
  Columns 70 through 92
   139   140   141   142   143   144   145   146   147   148   149   150   151   152   153   154   155   156   157   158   159   160   161
  Columns 93 through 115
   162   163   178   180   187   189   191   193   194   195   196   197   198   199   200   201   210   211   214   215   217   219   221
  Columns 116 through 135
   222   223   227   229   230   231   235   236   237   238   239   240   241   242   243   244   245   246   247   248
Relation 10
Collinear equations
  Columns 1 through 23
    33    34    35    36    37    38    39    40    41    42    43    44    45    46    47    48    49    50    51    52    53    54    55
  Columns 24 through 46
    56    57    58    59    60    61    62    63    64    65    66    67    68    81    82    83    84    85    86    87    88   105   106
  Columns 47 through 69
   107   108   109   110   111   112   113   114   115   116   123   124   125   126   127   128   129   130   131   133   134   138   139
  Columns 70 through 92
   140   141   143   144   145   146   148   149   150   151   152   153   154   155   156   157   158   159   160   161   162   163   187
  Columns 93 through 115
   189   191   193   194   195   196   197   198   199   200   201   210   211   229   230   235   236   237   238   239   240   241   242
  Columns 116 through 121
   243   244   245   246   247   248
Relation 11
Collinear equations
  Columns 1 through 23
    33    34    35    36    37    38    39    40    41    42    43    44    45    46    47    48    49    50    51    52    53    54    55
  Columns 24 through 46
    56    57    58    59    60    61    62    63    64    65    66    67    68    81    82    83    84    85    86    87    88   105   106
  Columns 47 through 69
   107   108   109   110   111   112   113   114   115   116   123   124   125   126   127   128   129   130   131   133   134   138   139
  Columns 70 through 92
   140   141   143   144   145   146   148   149   150   151   152   153   154   155   156   157   158   159   160   161   162   163   187
  Columns 93 through 115
   189   191   193   194   195   196   197   198   199   200   201   210   211   235   236   237   238   239   240   241   242   243   244
  Columns 116 through 119
   245   246   247   248
Relation 12
Collinear equations
  Columns 1 through 23
    33    34    35    36    37    38    39    40    41    42    43    44    45    46    47    48    49    50    51    52    53    54    55
  Columns 24 through 46
    56    57    58    59    60    61    62    63    64    65    66    67    68    81    82    83    84    85    86    87    88   105   106
  Columns 47 through 69
   107   108   109   110   111   112   113   114   115   116   123   124   125   126   127   128   129   130   131   133   134   138   139
  Columns 70 through 92
   140   141   143   144   145   146   148   149   150   151   152   153   154   155   156   157   158   159   160   161   162   163   187
  Columns 93 through 115
   189   191   193   194   195   196   197   198   199   200   201   210   211   235   236   237   238   239   240   241   242   243   244
  Columns 116 through 119
   245   246   247   248
Relation 13
Collinear equations
  Columns 1 through 23
     1     2     4     5     6     7     8    10    12    14    15    16    17    18    20    21    22    24    26    27    28    29    30
  Columns 24 through 46
    32    33    34    35    36    37    38    39    40    41    42    43    44    45    46    47    48    49    50    51    52    53    54
  Columns 47 through 69
    55    56    57    58    59    60    61    62    63    64    65    66    67    68    69    70    72    73    74    75    76    77    78
  Columns 70 through 92
    79    80    81    82    83    84    85    86    87    88    91    92   105   106   107   108   109   110   111   112   113   114   115
  Columns 93 through 115
   116   117   118   119   120   121   123   124   125   126   127   128   129   130   131   132   133   134   135   138   139   140   141
  Columns 116 through 138
   142   143   144   145   146   147   148   149   150   151   152   153   154   155   156   157   158   159   160   161   162   163   164
  Columns 139 through 161
   165   166   167   168   169   170   171   172   173   174   175   176   177   178   179   180   181   182   183   184   185   186   187
  Columns 162 through 184
   188   189   190   191   192   193   194   195   196   197   198   199   200   201   210   211   214   215   216   217   218   219   220
  Columns 185 through 207
   221   222   223   225   226   227   228   229   230   231   235   236   237   238   239   240   241   242   243   244   245   246   247
  Column 208
   248
Relation 14
Collinear equations
  Columns 1 through 23
     1     2     3     4     5     6     7     8     9    10    11    12    13    14    15    16    17    18    19    20    21    22    23
  Columns 24 through 46
    24    25    26    27    28    29    30    31    32    33    34    35    36    37    38    39    40    41    42    43    44    45    46
  Columns 47 through 69
    47    48    49    50    51    52    53    54    55    56    57    58    59    60    61    62    63    64    65    66    67    68    69
  Columns 70 through 92
    70    71    72    73    74    75    76    77    78    79    80    81    82    83    84    85    86    87    88    89    91    92    93
  Columns 93 through 115
    95    96    97    98    99   100   101   102   103   104   105   106   107   108   109   110   111   112   113   114   115   116   117
  Columns 116 through 138
   118   119   120   121   122   123   124   125   126   127   128   129   130   131   132   133   134   135   136   137   138   139   140
  Columns 139 through 161
   141   142   143   144   145   146   147   148   149   150   151   152   153   154   155   156   157   158   159   160   161   162   163
  Columns 162 through 184
   164   165   166   167   168   169   170   171   172   173   174   175   176   177   178   179   180   181   182   183   184   185   186
  Columns 185 through 207
   187   188   189   190   191   192   193   194   195   196   197   198   199   200   201   206   207   208   209   210   211   214   215
  Columns 208 through 230
   216   217   218   219   220   221   222   223   224   225   226   227   228   229   230   231   232   233   234   235   236   237   238
  Columns 231 through 240
   239   240   241   242   243   244   245   246   247   248
Relation 15
Collinear equations
  Columns 1 through 23
     1     2     3     4     5     6     7     8     9    10    11    12    13    14    15    16    17    18    19    20    21    22    23
  Columns 24 through 46
    24    25    26    27    28    29    30    31    32    33    34    35    36    37    38    39    40    41    42    43    44    45    46
  Columns 47 through 69
    47    48    49    50    51    52    53    54    55    56    57    58    59    60    61    62    63    64    65    66    67    68    69
  Columns 70 through 92
    70    71    72    73    74    75    76    77    78    79    80    81    82    83    84    85    86    87    88    89    91    92    93
  Columns 93 through 115
    94    95    96    97    98    99   100   101   102   103   104   105   106   107   108   109   110   111   112   113   114   115   116
  Columns 116 through 138
   117   118   119   120   121   122   123   124   125   126   127   128   129   130   131   132   133   134   135   136   137   138   139
  Columns 139 through 161
   140   141   142   143   144   145   146   147   148   149   150   151   152   153   154   155   156   157   158   159   160   161   162
  Columns 162 through 184
   163   164   165   166   167   168   169   170   171   172   173   174   175   176   177   178   179   180   181   182   183   184   185
  Columns 185 through 207
   186   187   188   189   190   191   192   193   194   195   196   197   198   199   200   201   206   207   208   209   210   211   214
  Columns 208 through 230
   215   216   217   218   219   220   221   222   223   224   225   226   227   228   229   230   231   232   233   234   235   236   237
  Columns 231 through 241
   238   239   240   241   242   243   244   245   246   247   248
Relation 16
Collinear equations
  Columns 1 through 23
     1     2     3     4     5     6     7     8     9    10    11    12    13    14    15    16    17    18    19    20    21    22    23
  Columns 24 through 46
    24    25    26    27    28    29    30    31    32    33    34    35    36    37    38    39    40    41    42    43    44    45    46
  Columns 47 through 69
    47    48    49    50    51    52    53    54    55    56    57    58    59    60    61    62    63    64    65    66    67    68    69
  Columns 70 through 92
    70    71    72    73    74    75    76    77    78    79    80    81    82    83    84    85    86    87    88    89    91    92    93
  Columns 93 through 115
    94    95    97    99   100   101   102   103   104   105   106   107   108   109   110   111   112   113   114   115   116   117   118
  Columns 116 through 138
   119   120   121   122   123   124   125   126   127   128   129   130   131   132   133   134   135   136   137   138   139   140   141
  Columns 139 through 161
   142   143   144   145   146   147   148   149   150   151   152   153   154   155   156   157   158   159   160   161   162   163   164
  Columns 162 through 184
   165   166   167   168   169   170   171   172   173   174   175   176   177   178   179   180   181   183   184   185   186   187   188
  Columns 185 through 207
   189   190   191   192   193   194   195   196   197   198   199   200   201   206   207   208   209   210   211   214   215   216   217
  Columns 208 through 230
   218   219   220   221   222   223   224   225   226   227   228   229   230   231   232   233   234   235   236   237   238   239   240
  Columns 231 through 238
   241   242   243   244   245   246   247   248
Relation 17
Collinear equations
  Columns 1 through 23
     1     2     4     5     6     7     8     9    10    11    12    13    14    15    16    17    18    19    20    21    22    23    24
  Columns 24 through 46
    25    26    27    28    29    30    31    32    33    34    35    36    37    38    39    40    41    42    43    44    45    46    47
  Columns 47 through 69
    48    49    50    51    52    53    54    55    56    57    58    59    60    61    62    63    64    65    66    67    68    69    70
  Columns 70 through 92
    71    72    73    74    75    76    77    78    79    80    81    82    83    84    85    86    87    88    89    90    91    92    93
  Columns 93 through 115
    95    96    97   101   104   105   106   107   108   109   110   111   112   113   114   115   116   117   118   119   120   121   122
  Columns 116 through 138
   123   124   125   126   127   128   129   130   131   132   133   134   135   138   139   140   141   142   143   144   145   146   147
  Columns 139 through 161
   148   149   150   151   152   153   154   155   156   157   158   159   160   161   162   163   164   165   166   167   168   169   170
  Columns 162 through 184
   171   172   173   174   175   176   177   178   179   180   181   182   183   184   185   186   187   188   189   190   191   192   193
  Columns 185 through 207
   194   195   196   197   198   199   200   201   210   211   214   215   216   217   218   219   220   221   222   223   224   225   226
  Columns 208 through 226
   227   228   229   230   231   235   236   237   238   239   240   241   242   243   244   245   246   247   248
Relation 18
Collinear equations
  Columns 1 through 23
     1     3     4     5     6     7     8     9    10    11    12    13    14    15    16    17    18    19    20    22    23    24    25
  Columns 24 through 46
    26    28    29    30    32    33    34    35    36    37    38    39    40    41    42    43    44    45    46    47    48    49    50
  Columns 47 through 69
    51    52    53    54    55    56    57    58    59    60    61    62    63    64    65    66    67    68    69    70    71    72    73
  Columns 70 through 92
    74    75    76    77    78    79    80    81    82    83    84    85    86    87    88    89    91   105   106   107   108   109   110
  Columns 93 through 115
   111   112   113   114   115   116   117   118   119   120   123   124   125   126   127   128   129   130   131   132   133   134   135
  Columns 116 through 138
   137   138   139   140   141   142   143   144   145   146   147   148   149   150   151   152   153   154   155   156   157   158   159
  Columns 139 through 161
   160   161   162   163   164   165   166   167   168   169   170   171   172   173   174   175   176   177   178   179   180   181   182
  Columns 162 through 184
   183   184   185   186   187   188   189   190   191   192   193   194   195   196   197   198   199   200   201   206   207   208   209
  Columns 185 through 207
   210   211   214   215   216   217   218   219   220   221   222   223   224   225   226   227   228   229   230   231   232   233   235
  Columns 208 through 220
   236   237   238   239   240   241   242   243   244   245   246   247   248
Relation 19
Collinear equations
  Columns 1 through 23
     1     2     3     4     5     6     7     8     9    10    11    12    13    14    15    16    17    18    19    20    21    22    23
  Columns 24 through 46
    24    25    26    27    28    29    30    31    32    33    34    35    36    37    38    39    40    41    42    43    44    45    46
  Columns 47 through 69
    47    48    49    50    51    52    53    54    55    56    57    58    59    60    61    62    63    64    65    66    67    68    69
  Columns 70 through 92
    70    71    72    73    74    75    76    77    78    79    80    81    82    83    84    85    86    87    88    89    90    91    92
  Columns 93 through 115
    93    95    96    97    98   101   102   104   105   106   107   108   109   110   111   112   113   114   115   116   117   118   119
  Columns 116 through 138
   120   121   122   123   124   125   126   127   128   129   130   131   132   133   134   135   138   139   140   141   142   143   144
  Columns 139 through 161
   145   146   147   148   149   150   151   152   153   154   155   156   157   158   159   160   161   162   163   164   165   166   167
  Columns 162 through 184
   168   169   170   171   172   173   174   175   176   177   178   179   180   181   182   183   184   185   186   187   188   189   190
  Columns 185 through 207
   191   192   193   194   195   196   197   198   199   200   201   206   207   208   209   210   211   214   215   216   217   218   219
  Columns 208 through 230
   220   221   222   223   224   225   226   227   228   229   230   231   232   233   234   235   236   237   238   239   240   241   242
  Columns 231 through 236
   243   244   245   246   247   248
Relation 20
Collinear equations
  Columns 1 through 23
     1     2     3     4     5     6     7     8     9    10    11    12    13    14    15    16    17    18    19    20    21    22    23
  Columns 24 through 46
    24    25    26    27    28    29    30    31    32    33    34    35    36    37    38    39    40    41    42    43    44    45    46
  Columns 47 through 69
    47    48    49    50    51    52    53    54    55    56    57    58    59    60    61    62    63    64    65    66    67    68    69
  Columns 70 through 92
    70    71    72    73    74    75    76    77    78    79    80    81    82    83    84    85    86    87    88    89    91    93    94
  Columns 93 through 115
    95    96    97    98    99   100   101   102   103   104   105   106   107   108   109   110   111   112   113   114   115   116   117
  Columns 116 through 138
   118   119   120   121   122   123   124   125   126   127   128   129   130   131   132   133   134   135   136   137   138   139   140
  Columns 139 through 161
   141   142   143   144   145   146   147   148   149   150   151   152   153   154   155   156   157   158   159   160   161   162   163
  Columns 162 through 184
   164   165   166   167   168   169   170   171   172   173   174   175   176   177   178   179   180   181   182   183   184   185   186
  Columns 185 through 207
   187   188   189   190   191   192   193   194   195   196   197   198   199   200   201   202   203   204   206   207   208   209   210
  Columns 208 through 230
   211   214   215   216   217   218   219   220   221   222   223   224   225   226   227   228   229   230   231   232   233   234   235
  Columns 231 through 243
   236   237   238   239   240   241   242   243   244   245   246   247   248
Relation 21
Collinear equations
  Columns 1 through 23
     1     2     3     4     5     6     7     8     9    10    11    12    13    14    15    16    17    18    19    20    21    22    23
  Columns 24 through 46
    24    25    26    27    28    29    30    31    32    33    34    35    36    37    38    39    40    41    42    43    44    45    46
  Columns 47 through 69
    47    48    49    50    51    52    53    54    55    56    57    58    59    60    61    62    63    64    65    66    67    68    69
  Columns 70 through 92
    70    71    72    73    74    75    76    77    78    79    80    81    82    83    84    85    86    87    88    89    91    92    93
  Columns 93 through 115
    94    95    96    97    98    99   100   101   102   103   104   105   106   107   108   109   110   111   112   113   114   115   116
  Columns 116 through 138
   117   118   119   120   121   122   123   124   125   126   127   128   129   130   131   132   133   134   135   136   137   138   139
  Columns 139 through 161
   140   141   142   143   144   145   146   147   148   149   150   151   152   153   154   155   156   157   158   159   160   161   162
  Columns 162 through 184
   163   164   165   166   167   168   169   170   171   172   173   174   175   176   177   178   179   180   181   182   183   184   185
  Columns 185 through 207
   186   187   188   189   190   191   192   193   194   195   196   197   198   199   200   201   202   203   204   205   206   207   208
  Columns 208 through 230
   209   210   211   214   215   216   217   218   219   220   221   222   223   224   225   226   227   228   229   230   231   232   233
  Columns 231 through 245
   234   235   236   237   238   239   240   241   242   243   244   245   246   247   248
Relation 22
Collinear equations
  Columns 1 through 23
     1     2     3     4     5     6     7     8     9    10    11    12    13    14    15    16    17    18    19    20    21    22    23
  Columns 24 through 46
    24    25    26    27    28    29    30    31    32    33    34    35    36    37    38    39    40    41    42    43    44    45    46
  Columns 47 through 69
    47    48    49    50    51    52    53    54    55    56    57    58    59    60    61    62    63    64    65    66    67    68    69
  Columns 70 through 92
    70    71    72    73    74    75    76    77    78    79    80    81    82    83    84    85    86    87    88    89    90    91    92
  Columns 93 through 115
    93    95    96    97    99   101   102   103   104   105   106   107   108   109   110   111   112   113   114   115   116   117   118
  Columns 116 through 138
   119   120   121   122   123   124   125   126   127   128   129   130   131   132   133   134   135   138   139   140   141   142   143
  Columns 139 through 161
   144   145   146   147   148   149   150   151   152   153   154   155   156   157   158   159   160   161   162   163   164   165   166
  Columns 162 through 184
   167   168   169   170   171   172   173   174   175   176   177   178   179   180   181   182   183   184   185   186   187   188   189
  Columns 185 through 207
   190   191   192   193   194   195   196   197   198   199   200   201   210   211   214   215   216   217   218   219   220   221   222
  Columns 208 through 230
   223   224   225   226   227   228   229   230   231   235   236   237   238   239   240   241   242   243   244   245   246   247   248
Relation 23
Collinear equations
  Columns 1 through 23
     1     2     3     4     5     6     7     8     9    10    11    12    13    14    15    16    17    18    19    20    21    22    23
  Columns 24 through 46
    24    25    26    27    28    29    30    31    32    33    34    35    36    37    38    39    40    41    42    43    44    45    46
  Columns 47 through 69
    47    48    49    50    51    52    53    54    55    56    57    58    59    60    61    62    63    64    65    66    67    68    69
  Columns 70 through 92
    70    71    72    73    74    75    76    77    78    79    80    81    82    83    84    85    86    87    88    89    90    91    92
  Columns 93 through 115
    93    95    96    97    99   101   103   104   105   106   107   108   109   110   111   112   113   114   115   116   117   118   119
  Columns 116 through 138
   120   121   122   123   124   125   126   127   128   129   130   131   132   133   134   135   138   139   140   141   142   143   144
  Columns 139 through 161
   145   146   147   148   149   150   151   152   153   154   155   156   157   158   159   160   161   162   163   164   165   166   167
  Columns 162 through 184
   168   169   170   171   172   173   174   175   176   177   178   179   180   181   182   183   184   185   186   187   188   189   190
  Columns 185 through 207
   191   192   193   194   195   196   197   198   199   200   201   210   211   214   215   216   217   218   219   220   221   222   223
  Columns 208 through 229
   224   225   226   227   228   229   230   231   235   236   237   238   239   240   241   242   243   244   245   246   247   248
Relation 24
Collinear equations
  Columns 1 through 23
     1     2     3     4     5     6     7     8     9    10    11    12    13    14    15    16    17    18    19    20    21    22    23
  Columns 24 through 46
    24    25    26    27    28    29    30    31    32    33    34    35    36    37    38    39    40    41    42    43    44    45    46
  Columns 47 through 69
    47    48    49    50    51    52    53    54    55    56    57    58    59    60    61    62    63    64    65    66    67    68    69
  Columns 70 through 92
    70    71    72    73    74    75    76    77    78    79    80    81    82    83    84    85    86    87    88    89    90    91    92
  Columns 93 through 115
    95    97    98    99   101   102   103   105   106   107   108   109   110   111   112   113   114   115   116   117   118   119   120
  Columns 116 through 138
   121   122   123   124   125   126   127   128   129   130   131   132   133   134   135   136   137   138   139   140   141   142   143
  Columns 139 through 161
   144   145   146   147   148   149   150   151   152   153   154   155   156   157   158   159   160   161   162   163   164   165   166
  Columns 162 through 184
   167   168   169   170   171   172   173   174   175   176   177   178   179   180   181   182   183   184   185   186   187   188   189
  Columns 185 through 207
   190   191   192   193   194   195   196   197   198   199   200   201   206   207   208   209   210   211   214   215   216   217   218
  Columns 208 through 230
   219   220   221   222   223   224   226   227   228   229   230   231   232   234   235   236   237   238   239   240   241   242   243
  Columns 231 through 235
   244   245   246   247   248
Relation 25
Collinear equations
  Columns 1 through 23
     1     2     3     4     5     6     7     8     9    10    11    12    13    14    15    16    17    18    19    20    21    22    23
  Columns 24 through 46
    24    25    26    27    28    29    30    31    32    33    34    35    36    37    38    39    40    41    42    43    44    45    46
  Columns 47 through 69
    47    48    49    50    51    52    53    54    55    56    57    58    59    60    61    62    63    64    65    66    67    68    69
  Columns 70 through 92
    70    71    72    73    74    75    76    77    78    79    80    81    82    83    84    85    86    87    88    89    90    91    92
  Columns 93 through 115
    93    95    96    97   101   103   104   105   106   107   108   109   110   111   112   113   114   115   116   117   118   119   120
  Columns 116 through 138
   121   122   123   124   125   126   127   128   129   130   131   132   133   134   135   138   139   140   141   142   143   144   145
  Columns 139 through 161
   146   147   148   149   150   151   152   153   154   155   156   157   158   159   160   161   162   163   164   165   166   167   168
  Columns 162 through 184
   169   170   171   172   173   174   175   176   177   178   179   180   181   182   183   184   185   186   187   188   189   190   191
  Columns 185 through 207
   192   193   194   195   196   197   198   199   200   201   210   211   214   215   216   217   218   219   220   221   222   223   224
  Columns 208 through 228
   225   226   227   228   229   230   231   235   236   237   238   239   240   241   242   243   244   245   246   247   248
Relation 26
Collinear equations
  Columns 1 through 23
     1     2     3     4     5     6     7     8     9    10    11    12    13    14    15    16    17    18    19    20    21    22    23
  Columns 24 through 46
    24    25    26    27    28    29    30    31    32    33    34    35    36    37    38    39    40    41    42    43    44    45    46
  Columns 47 through 69
    47    48    49    50    51    52    53    54    55    56    57    58    59    60    61    62    63    64    65    66    67    68    69
  Columns 70 through 92
    70    71    72    73    74    75    76    78    79    80    81    82    83    84    85    86    87    88    89    90    91    92    93
  Columns 93 through 115
    96    97    98    99   101   102   103   104   105   106   107   108   109   110   111   112   113   114   115   116   117   118   119
  Columns 116 through 138
   120   121   122   123   124   125   126   127   128   129   130   131   132   133   134   135   138   139   140   141   142   143   144
  Columns 139 through 161
   145   146   147   148   149   150   151   152   153   154   155   156   157   158   159   160   161   162   163   164   165   166   167
  Columns 162 through 184
   168   169   170   171   172   173   174   175   176   177   178   179   180   181   182   183   184   185   186   187   188   189   190
  Columns 185 through 207
   191   192   193   194   195   196   197   198   199   200   201   210   211   214   215   216   217   218   219   220   221   222   223
  Columns 208 through 228
   224   225   226   228   229   230   231   235   236   237   238   239   240   241   242   243   244   245   246   247   248
Relation 27
Collinear equations
  Columns 1 through 23
     1     2     3     4     5     7     8     9    10    11    12    13    14    15    16    17    18    20    21    22    23    24    25
  Columns 24 through 46
    26    27    28    29    30    32    33    34    35    36    37    38    39    40    41    42    43    44    45    46    47    48    49
  Columns 47 through 69
    50    51    52    53    54    55    56    57    58    59    60    61    62    63    64    65    66    67    68    69    70    71    72
  Columns 70 through 92
    73    74    75    76    77    78    79    80    81    82    83    84    85    86    87    88    89    90    91    93    95    97   105
  Columns 93 through 115
   106   107   108   109   110   111   112   113   114   115   116   117   118   119   120   123   124   125   126   127   128   129   130
  Columns 116 through 138
   131   132   133   134   135   138   139   140   141   142   143   144   145   146   147   148   149   150   151   152   153   154   155
  Columns 139 through 161
   156   157   158   159   160   161   162   163   164   165   166   167   168   169   170   171   172   173   174   175   176   177   178
  Columns 162 through 184
   179   180   181   182   183   184   185   186   187   188   189   190   191   192   193   194   195   196   197   198   199   200   201
  Columns 185 through 207
   210   211   214   215   216   217   218   219   220   221   222   223   224   225   226   227   228   229   230   231   235   236   237
  Columns 208 through 218
   238   239   240   241   242   243   244   245   246   247   248
DYNARE_SOLVE (solve_algo=2|4): number of blocks = 62
MODEL_DIAGNOSTICS:  The singularity seems to be (partly) caused by the presence of a unit root
MODEL_DIAGNOSTICS:  as the absolute value of one eigenvalue is in the range of +-1e-6 to 1.
MODEL_DIAGNOSTICS:  If the model is actually supposed to feature unit root behavior, such a warning is expected,
MODEL_DIAGNOSTICS:  but you should nevertheless check whether there is an additional singularity problem.
MODEL_DIAGNOSTICS:  The presence of a singularity problem typically indicates that there is one
MODEL_DIAGNOSTICS:  redundant equation entered in the model block, while another non-redundant equation
MODEL_DIAGNOSTICS:  is missing. The problem often derives from Walras Law.

STEADY-STATE RESULTS:

Q                      		 0.890601
C                      		 1.23757e-05
C_star                 		 9.73037e-06
wHl                    		 1
wHh                    		 1.618
wLl                    		 1
wLh                    		 1.792
wHl_star               		 1.11161
wHh_star               		 1.83492
wLl_star               		 1.11161
wLh_star               		 2.03224
psiL                   		 1
psiH                   		 0.32573
psiL_star              		 0.671753
psiH_star              		 0.42467
z_VL                   		 1.50896
z_VH                   		 1.4383
z_XL                   		 1.32667
z_XH                   		 1.26271
z_VL_star              		 1.48174
z_VH_star              		 1.46999
z_XL_star              		 1.32683
z_XH_star              		 1.29751
ztil_DL                		 1.18206
ztil_DH                		 1.16363
ztil_VL                		 2.23398
ztil_VH                		 2.12936
ztil_XL                		 1.96409
ztil_XH                		 1.8694
ztil_DL_star           		 1.17516
ztil_DH_star           		 1.1721
ztil_VL_star           		 2.19367
ztil_VH_star           		 2.17628
ztil_XL_star           		 1.96433
ztil_XH_star           		 1.92093
ptil_DL                		 2.4044
ptil_DH                		 2.96787
ptil_VL                		 1.26292
ptil_VH                		 1.61748
ptil_XL                		 1.62864
ptil_XH                		 3.74009
ptil_DL_star           		 2.70295
ptil_DH_star           		 3.32351
ptil_VL_star           		 1.44411
ptil_VH_star           		 1.77701
ptil_XL_star           		 4.78477
ptil_XH_star           		 3.10079
dtil_DL                		 1.11692e-07
dtil_DH                		 4.01874e-09
dtil_VL                		 6.73024e-07
dtil_VH                		 2.1933e-08
dtil_XL                		 5.09414e-08
dtil_XH                		 2.06331e-09
dtil_DL_star           		 2.07704e-08
dtil_DH_star           		 4.83694e-09
dtil_VL_star           		 1.19848e-07
dtil_VH_star           		 2.77319e-08
dtil_XL_star           		 1.21747e-08
dtil_XH_star           		 2.66096e-09
ell_DL                 		 2.28612e-07
ell_DH                 		 3.02692e-09
ell_VL                 		 1.40097e-06
ell_VH                 		 1.67289e-08
ell_XL                 		 1.56032e-07
ell_XH                 		 1.29289e-09
ell_DL_star            		 3.82445e-08
ell_DH_star            		 3.2774e-09
ell_VL_star            		 2.21225e-07
ell_VH_star            		 1.89176e-08
ell_XL_star            		 1.01208e-08
ell_XH_star            		 1.57526e-09
h_DL                   		 4.69457e-08
h_DH                   		 5.08379e-09
h_VL                   		 2.84814e-07
h_VH                   		 2.78156e-08
h_XL                   		 3.20412e-08
h_XH                   		 2.17143e-09
h_DL_star              		 7.69802e-09
h_DH_star              		 5.39547e-09
h_VL_star              		 4.49746e-08
h_VH_star              		 3.14549e-08
h_XL_star              		 2.03717e-09
h_XH_star              		 2.5933e-09
G_DL                   		 0.822356
G_DH                   		 0.782713
G_VL                   		 0.177644
G_VH                   		 0.217287
G_XL                   		 0.305072
G_XH                   		 0.37543
G_DL_star              		 0.80824
G_DH_star              		 0.801718
G_VL_star              		 0.19176
G_VH_star              		 0.198282
G_XL_star              		 0.304917
G_XH_star              		 0.334916
massL                  		 5.62365
massH                  		 226.822
massL_star             		 22.0217
massH_star             		 131.769
mass_DL                		 4.62464
mass_DH                		 177.536
mass_VL                		 0.99901
mass_VH                		 49.2853
mass_EL                		 0.144196
mass_EH                		 5.81594
mass_DL_star           		 17.7988
mass_DH_star           		 105.641
mass_VL_star           		 4.22288
mass_VH_star           		 26.1274
mass_EL_star           		 0.564658
mass_EH_star           		 3.37869
mass_XL                		 1.71562
mass_XH                		 85.1556
mass_XL_star           		 6.71478
mass_XH_star           		 44.1316
agg_profitsL           		 1.27629e-06
agg_profitsH           		 1.97015e-06
agg_profitsL_star      		 9.5754e-07
agg_profitsH_star      		 1.35298e-06
Ll_demand              		 2.02219e-06
Hl_demand              		 1.04975e-06
Ll_demand_star         		 3.56121e-06
Hl_demand_star         		 1.98264e-06
Lh_demand              		 8.89713e-07
Hh_demand              		 3.95582e-06
Lh_demand_star         		 2.4706e-07
Hh_demand_star         		 1.09294e-06
agg_P                  		 1
agg_P_star             		 1
BOP                    		 4.5065e-08
Z                      		 1
Z_star                 		 1
SDF                    		 0.99
SDF_star               		 0.99
dL                     		 2.26951e-07
dH                     		 8.68591e-09
dL_star                		 4.34817e-08
dH_star                		 1.02678e-08
vtilL                  		 6.304e-06
vtilH                  		 2.41268e-07
vtilL_star             		 1.20779e-06
vtilH_star             		 2.85208e-07
h_supplyH              		 3.95582e-06
h_supplyL              		 8.89713e-07
l_supplyH              		 1.04975e-06
l_supplyL              		 2.02219e-06
h_supplyH_star         		 1.09294e-06
h_supplyL_star         		 2.4706e-07
l_supplyH_star         		 1.98264e-06
l_supplyL_star         		 3.56121e-06
HhE_supply             		 2.6504e-07
HlE_supply             		 7.03334e-08
LhE_supply             		 5.96108e-08
LlE_supply             		 1.35487e-07
HhE_supply_star        		 7.32267e-08
HlE_supply_star        		 1.32837e-07
LhE_supply_star        		 1.6553e-08
LlE_supply_star        		 2.38601e-07
BOP_FCL                		 3.46984e-09
BOP_FCH                		 -1.64163e-09
BOP_FC                 		 1.82821e-09
BOP_TB                 		 -4.32368e-08
TH_agg                 		 0
TL_agg                 		 0
TH_agg_star            		 0
TL_agg_star            		 0
BOP_TBL                		 -9.6209e-07
BOP_TBH                		 9.18854e-07
BHh                    		 0
BHl                    		 0
BLh                    		 0
BLl                    		 0
BHh_star               		 0
BHl_star               		 0
BLh_star               		 0
BLl_star               		 0
CHh                    		 1.736
CHl                    		 1.118
CLh                    		 1.91
CLl                    		 1.118
CHh_star               		 1.93151
CHl_star               		 1.2082
CLh_star               		 2.12883
CLl_star               		 1.2082
SDFHh                  		 0.99
SDFHl                  		 0.99
SDFLh                  		 0.99
SDFLl                  		 0.99
SDFHh_star             		 0.99
SDFHl_star             		 0.99
SDFLh_star             		 0.99
SDFLl_star             		 0.99
T_agg                  		 0
T_agg_star             		 0
r                      		 0.010101
r_star                 		 0.010101
THh                    		 0
THl                    		 0
TLh                    		 0
TLl                    		 0
THh_star               		 0
THl_star               		 0
TLh_star               		 0
TLl_star               		 0
profits_percapita      		 0.117996
profits_percapita_star 		 0.096588
VHh                    		 7.22627
VHl                    		 1.46125
VLh                    		 8.47768
VLl                    		 1.46125
VHh_star               		 8.62439
VHl_star               		 2.47778
VLh_star               		 9.89878
VLl_star               		 2.47778
epsh                   		 1.25141
epsl                   		 0
epsh_star              		 1.27439
epsl_star              		 0
tauIMH                 		 0
tau_offshoringH        		 1
s_DH                   		 0
s_EH                   		 0
tauIML                 		 0
tau_offshoringL        		 1
s_DL                   		 0
s_EL                   		 0
tauIMH_star            		 0
tau_offshoringH_star   		 1
s_DH_star              		 0
s_EH_star              		 0
tauIML_star            		 0
tau_offshoringL_star   		 1
s_DL_star              		 0
s_EL_star              		 0
VAH                    		 9.74909e-06
VAL                    		 4.89371e-06
VAH_star               		 5.88136e-06
VAL_star               		 5.5397e-06
YH                     		 8.34425e-06
YL                     		 3.98817e-06
YH_star                		 4.91937e-06
YL_star                		 4.85424e-06
wtil                   		 1.10668e-05
wtil_star              		 8.67012e-06
gini                   		 14828.4
gini_star              		 13865.8
agg_offsh              		 0
agg_offsh_star         		 0

EIGENVALUES:
         Modulus             Real        Imaginary
       3.964e-08       -3.964e-08                0
       4.015e-08        4.015e-08                0
       6.584e-07        6.584e-07                0
       6.592e-07       -6.592e-07                0
            0.56             0.56                0
            0.56             0.56                0
            0.56             0.56                0
            0.56             0.56                0
            0.56             0.56                0
            0.56             0.56                0
            0.56             0.56                0
            0.56             0.56                0
            0.56             0.56                0
            0.56             0.56                0
            0.56             0.56                0
            0.56             0.56                0
            0.56             0.56                0
            0.56             0.56                0
            0.56             0.56                0
            0.56             0.56                0
          0.7111           0.7111                0
             0.9              0.9                0
             0.9              0.9                0
          0.9325           0.9325                0
           0.933            0.933                0
           0.933            0.933                0
          0.9332           0.9332                0
          0.9397           0.9397                0
          0.9412           0.9412                0
          0.9621           0.9621                0
          0.9978           0.9978                0
          0.9979           0.9979                0
          0.9998           0.9998                0
          0.9999           0.9999                0
          0.9999           0.9999                0
               1                1                0
               1                1                0
               1                1                0
               1                1                0
               1                1                0
            1.01             1.01                0
            1.01             1.01                0
            1.01             1.01                0
            1.01             1.01                0
           1.012            1.012                0
           1.012            1.012                0
           1.065            1.065                0
           1.072            1.072                0
           1.074            1.074                0
           1.082            1.082                0
           1.083            1.083        5.824e-08
           1.083            1.083       -5.824e-08
           1.083            1.083                0
           1.083            1.083                0
           1.083            1.083                0
           1.083            1.083                0
           1.083            1.083                0
           1.436            1.436                0
       1.734e+08        1.734e+08                0
       3.745e+08       -3.745e+08                0
       3.458e+09        3.458e+09                0
       1.061e+11       -1.061e+11                0
       1.226e+16       -1.226e+16                0
       2.387e+16        1.483e+16         1.87e+16
       2.387e+16        1.483e+16        -1.87e+16
       1.173e+19        1.173e+19                0

There are 26 eigenvalue(s) larger than 1 in modulus for 26 forward-looking variable(s)
The rank condition is verified.



Residuals of the static equations:
Equation number   1: z_VL                   :       0.000000
Equation number   2: z_VH                   :       0.000000
Equation number   3: z_XL                   :       0.000000
Equation number   4: z_XH                   :       0.000000
Equation number   5: z_VL_star              :       0.000000
Equation number   6: z_VH_star              :       0.000000
Equation number   7: z_XL_star              :       0.000000
Equation number   8: z_XH_star              :       0.000000
Equation number   9: ztil_DL                :       0.000000
Equation number  10: ztil_DH                :       0.000000
Equation number  11: ztil_VL                :       0.000000
Equation number  12: ztil_VH                :       0.000000
Equation number  13: ztil_XL                :       0.000000
Equation number  14: ztil_XH                :       0.000000
Equation number  15: ztil_DL_star           :       0.000000
Equation number  16: ztil_DH_star           :       0.000000
Equation number  17: ztil_VL_star           :       0.000000
Equation number  18: ztil_VH_star           :       0.000000
Equation number  19: ztil_XL_star           :       0.000000
Equation number  20: ztil_XH_star           :       0.000000
Equation number  21: ptil_DL                :       0.000000
Equation number  22: ptil_DH                :       0.000000
Equation number  23: ptil_VL                :       0.000000
Equation number  24: ptil_VH                :       0.000000
Equation number  25: ptil_XL                :       0.000000
Equation number  26: ptil_XH                :       0.000000
Equation number  27: ptil_DL_star           :       0.000000
Equation number  28: ptil_DH_star           :       0.000000
Equation number  29: ptil_VL_star           :       0.000000
Equation number  30: ptil_VH_star           :       0.000000
Equation number  31: ptil_XL_star           :       0.000000
Equation number  32: ptil_XH_star           :       0.000000
Equation number  33: dtil_DL                :       0.000000
Equation number  34: dtil_DH                :       0.000000
Equation number  35: dtil_VL                :       0.000000
Equation number  36: dtil_VH                :       0.000000
Equation number  37: dtil_XL                :       0.000000
Equation number  38: dtil_XH                :       0.000000
Equation number  39: dtil_DL_star           :       0.000000
Equation number  40: dtil_DH_star           :       0.000000
Equation number  41: dtil_VL_star           :       0.000000
Equation number  42: dtil_VH_star           :       0.000000
Equation number  43: dtil_XL_star           :       0.000000
Equation number  44: dtil_XH_star           :       0.000000
Equation number  45: ell_DL                 :       0.000000
Equation number  46: ell_DH                 :       0.000000
Equation number  47: ell_VL                 :       0.000000
Equation number  48: ell_VH                 :       0.000000
Equation number  49: ell_XL                 :       0.000000
Equation number  50: ell_XH                 :       0.000000
Equation number  51: ell_DL_star            :       0.000000
Equation number  52: ell_DH_star            :       0.000000
Equation number  53: ell_VL_star            :       0.000000
Equation number  54: ell_VH_star            :       0.000000
Equation number  55: ell_XL_star            :       0.000000
Equation number  56: ell_XH_star            :       0.000000
Equation number  57: h_DL                   :       0.000000
Equation number  58: h_DH                   :       0.000000
Equation number  59: h_VL                   :       0.000000
Equation number  60: h_VH                   :       0.000000
Equation number  61: h_XL                   :       0.000000
Equation number  62: h_XH                   :       0.000000
Equation number  63: h_DL_star              :       0.000000
Equation number  64: h_DH_star              :       0.000000
Equation number  65: h_VL_star              :       0.000000
Equation number  66: h_VH_star              :       0.000000
Equation number  67: h_XL_star              :       0.000000
Equation number  68: h_XH_star              :       0.000000
Equation number  69: G_DL                   :       0.000000
Equation number  70: G_VL                   :       0.000000
Equation number  71: G_XL                   :       0.000000
Equation number  72: G_DH                   :       0.000000
Equation number  73: G_VH                   :       0.000000
Equation number  74: G_XH                   :       0.000000
Equation number  75: G_DL_star              :       0.000000
Equation number  76: G_VL_star              :       0.000000
Equation number  77: G_XL_star              :       0.000000
Equation number  78: G_DH_star              :       0.000000
Equation number  79: G_VH_star              :       0.000000
Equation number  80: G_XH_star              :       0.000000
Equation number  81: dL                     :       0.000000
Equation number  82: dH                     :       0.000000
Equation number  83: dL_star                :       0.000000
Equation number  84: dH_star                :       0.000000
Equation number  85: vtilL                  :       0.000000
Equation number  86: vtilH                  :       0.000000
Equation number  87: vtilL_star             :       0.000000
Equation number  88: vtilH_star             :       0.000000
Equation number  89: massL                  :       0.000000
Equation number  90: massH                  :       0.000000
Equation number  91: massL_star             :       0.000000
Equation number  92: massH_star             :       0.000000
Equation number  93: mass_DL                :       0.000000
Equation number  94: mass_DH                :       0.000000
Equation number  95: mass_VL                :       0.000000
Equation number  96: mass_VH                :       0.000000
Equation number  97: mass_XL                :       0.000000
Equation number  98: mass_XH                :       0.000000
Equation number  99: mass_DL_star           :       0.000000
Equation number 100: mass_DH_star           :       0.000000
Equation number 101: mass_VL_star           :       0.000000
Equation number 102: mass_VH_star           :       0.000000
Equation number 103: mass_XL_star           :       0.000000
Equation number 104: mass_XH_star           :       0.000000
Equation number 105: agg_profitsL           :       0.000000
Equation number 106: agg_profitsH           :       0.000000
Equation number 107: agg_profitsL_star      :       0.000000
Equation number 108: agg_profitsH_star      :       0.000000
Equation number 109: Ll_demand              :       0.000000
Equation number 110: Hl_demand              :       0.000000
Equation number 111: Ll_demand_star         :       0.000000
Equation number 112: Hl_demand_star         :       0.000000
Equation number 113: Lh_demand              :       0.000000
Equation number 114: Hh_demand              :       0.000000
Equation number 115: Lh_demand_star         :       0.000000
Equation number 116: Hh_demand_star         :       0.000000
Equation number 117: psiL                   :       0.000000
Equation number 118: psiH                   :       0.000000
Equation number 119: psiL_star              :       0.000000
Equation number 120: psiH_star              :       0.000000
Equation number 121: 121                    :       0.000000
Equation number 122: 122                    :       0.000000
Equation number 123: BOP_FCL                :       0.000000
Equation number 124: BOP_FCH                :       0.000000
Equation number 125: BOP_FC                 :       0.000000
Equation number 126: BOP_TBL                :       0.000000
Equation number 127: BOP_TBH                :       0.000000
Equation number 128: BOP_TB                 :       0.000000
Equation number 129: 129                    :       0.000000
Equation number 130: TL_agg                 :       0.000000
Equation number 131: TH_agg                 :       0.000000
Equation number 132: T_agg                  :       0.000000
Equation number 133: TL_agg_star            :       0.000000
Equation number 134: TH_agg_star            :       0.000000
Equation number 135: T_agg_star             :       0.000000
Equation number 136: agg_offsh              :       0.000000
Equation number 137: agg_offsh_star         :       0.000000
Equation number 138: SDFHh                  :       0.000000
Equation number 139: SDFHl                  :       0.000000
Equation number 140: SDFLh                  :       0.000000
Equation number 141: SDFLl                  :       0.000000
Equation number 142: SDF                    :       0.000000
Equation number 143: SDFHh_star             :       0.000000
Equation number 144: SDFHl_star             :       0.000000
Equation number 145: SDFLh_star             :       0.000000
Equation number 146: SDFLl_star             :       0.000000
Equation number 147: SDF_star               :       0.000000
Equation number 148: 148                    :       0.000000
Equation number 149: 149                    :       0.000000
Equation number 150: 150                    :       0.000000
Equation number 151: 151                    :       0.000000
Equation number 152: 152                    :       0.000000
Equation number 153: 153                    :       0.000000
Equation number 154: 154                    :       0.000000
Equation number 155: 155                    :       0.000000
Equation number 156: THh                    :       0.000000
Equation number 157: THl                    :       0.000000
Equation number 158: TLh                    :       0.000000
Equation number 159: TLl                    :       0.000000
Equation number 160: THh_star               :       0.000000
Equation number 161: THl_star               :       0.000000
Equation number 162: TLh_star               :       0.000000
Equation number 163: TLl_star               :       0.000000
Equation number 164: profits_percapita      :       0.000000
Equation number 165: profits_percapita_star :       0.000000
Equation number 166: CHh                    :       0.000000
Equation number 167: CHl                    :       0.000000
Equation number 168: CLh                    :       0.000000
Equation number 169: CLl                    :       0.000000
Equation number 170: CHh_star               :       0.000000
Equation number 171: CHl_star               :       0.000000
Equation number 172: CLh_star               :       0.000000
Equation number 173: CLl_star               :       0.000000
Equation number 174: VHh                    :       0.000000
Equation number 175: VHl                    :       0.000000
Equation number 176: VLh                    :       0.000000
Equation number 177: VLl                    :       0.000000
Equation number 178: VHh_star               :       0.000000
Equation number 179: VHl_star               :       0.000000
Equation number 180: VLh_star               :       0.000000
Equation number 181: VLl_star               :       0.000000
Equation number 182: epsh                   :       0.000000
Equation number 183: epsl                   :       0.000000
Equation number 184: epsh_star              :       0.000000
Equation number 185: epsl_star              :       0.000000
Equation number 186: 186                    :       0.000000
Equation number 187: LhE_supply             :       0.000000
Equation number 188: 188                    :       0.000000
Equation number 189: LlE_supply             :       0.000000
Equation number 190: 190                    :       0.000000
Equation number 191: LhE_supply_star        :       0.000000
Equation number 192: 192                    :       0.000000
Equation number 193: LlE_supply_star        :       0.000000
Equation number 194: h_supplyH              :       0.000000
Equation number 195: h_supplyL              :       0.000000
Equation number 196: l_supplyH              :       0.000000
Equation number 197: l_supplyL              :       0.000000
Equation number 198: h_supplyH_star         :       0.000000
Equation number 199: h_supplyL_star         :       0.000000
Equation number 200: l_supplyH_star         :       0.000000
Equation number 201: l_supplyL_star         :       0.000000
Equation number 202: VAH                    :       0.000000
Equation number 203: VAL                    :       0.000000
Equation number 204: VAH_star               :       0.000000
Equation number 205: VAL_star               :       0.000000
Equation number 206: YH                     :       0.000000
Equation number 207: YL                     :       0.000000
Equation number 208: YH_star                :       0.000000
Equation number 209: YL_star                :       0.000000
Equation number 210: wtil                   :       0.000000
Equation number 211: wtil_star              :       0.000000
Equation number 212: gini                   :       0.000000
Equation number 213: gini_star              :       0.000000
Equation number 214: 214                    :       0.000000
Equation number 215: 215                    :       0.000000
Equation number 216: tauIML                 :       0.000000
Equation number 217: tauIMH                 :       0.000000
Equation number 218: tauIML_star            :       0.000000
Equation number 219: tauIMH_star            :       0.000000
Equation number 220: 220                    :       0.000000
Equation number 221: 221                    :       0.000000
Equation number 222: 222                    :       0.000000
Equation number 223: 223                    :       0.000000
Equation number 224: s_EL                   :       0.000000
Equation number 225: s_EH                   :       0.000000
Equation number 226: s_EL_star              :       0.000000
Equation number 227: s_EH_star              :       0.000000
Equation number 228: s_DL                   :       0.000000
Equation number 229: s_DH                   :       0.000000
Equation number 230: s_DL_star              :       0.000000
Equation number 231: s_DH_star              :       0.000000
Equation number 232: BOP                    :       0.000000
Equation number 233: agg_P                  :       0.000000
Equation number 234: agg_P_star             :       0.000000
Equation number 235: 235                    :       0.000000
Equation number 236: 236                    :       0.000000
Equation number 237: 237                    :       0.000000
Equation number 238: 238                    :       0.000000
Equation number 239: 239                    :       0.000000
Equation number 240: 240                    :       0.000000
Equation number 241: 241                    :       0.000000
Equation number 242: 242                    :       0.000000
Equation number 243: fEL                    :       0.000000
Equation number 244: fEH                    :       0.000000
Equation number 245: fEL_star               :       0.000000
Equation number 246: fEH_star               :       0.000000
Equation number 247: 247                    :       0.000000
Equation number 248: 248                    :       0.000000


[Warning: Matrix is close to singular or badly scaled. Results may be inaccurate. RCOND =  2.830689e-20.] 
[> In <a href="matlab:matlab.lang.internal.introspective.errorDocCallback('dyn_first_order_solver', '/Applications/Dynare/6.4-arm64/matlab/stochastic_solver/dyn_first_order_solver.m', 264)" style="font-weight:bold">dyn_first_order_solver</a> (<a href="matlab: opentoline('/Applications/Dynare/6.4-arm64/matlab/stochastic_solver/dyn_first_order_solver.m',264,0)">line 264</a>)
In <a href="matlab:matlab.lang.internal.introspective.errorDocCallback('stochastic_solvers', '/Applications/Dynare/6.4-arm64/matlab/stochastic_solver/stochastic_solvers.m', 248)" style="font-weight:bold">stochastic_solvers</a> (<a href="matlab: opentoline('/Applications/Dynare/6.4-arm64/matlab/stochastic_solver/stochastic_solvers.m',248,0)">line 248</a>)
In <a href="matlab:matlab.lang.internal.introspective.errorDocCallback('resol', '/Applications/Dynare/6.4-arm64/matlab/stochastic_solver/resol.m', 115)" style="font-weight:bold">resol</a> (<a href="matlab: opentoline('/Applications/Dynare/6.4-arm64/matlab/stochastic_solver/resol.m',115,0)">line 115</a>)
In <a href="matlab:matlab.lang.internal.introspective.errorDocCallback('stoch_simul', '/Applications/Dynare/6.4-arm64/matlab/stochastic_solver/stoch_simul.m', 108)" style="font-weight:bold">stoch_simul</a> (<a href="matlab: opentoline('/Applications/Dynare/6.4-arm64/matlab/stochastic_solver/stoch_simul.m',108,0)">line 108</a>)
In <a href="matlab:matlab.lang.internal.introspective.errorDocCallback('DSW_2Sector_10Jun2026.driver', '/Users/raphaelvochtel/Documents/adspenc/new_calibration/+DSW_2Sector_10Jun2026/driver.m', 6202)" style="font-weight:bold">DSW_2Sector_10Jun2026.driver</a> (<a href="matlab: opentoline('/Users/raphaelvochtel/Documents/adspenc/new_calibration/+DSW_2Sector_10Jun2026/driver.m',6202,0)">line 6202</a>)
In <a href="matlab:matlab.lang.internal.introspective.errorDocCallback('dynare', '/Applications/Dynare/6.4-arm64/matlab/dynare.m', 308)" style="font-weight:bold">dynare</a> (<a href="matlab: opentoline('/Applications/Dynare/6.4-arm64/matlab/dynare.m',308,0)">line 308</a>)
In <a href="matlab:matlab.lang.internal.introspective.errorDocCallback('mainscript_DSW_10Jun2026', '/Users/raphaelvochtel/Documents/adspenc/new_calibration/mainscript_DSW_10Jun2026.m', 269)" style="font-weight:bold">mainscript_DSW_10Jun2026</a> (<a href="matlab: opentoline('/Users/raphaelvochtel/Documents/adspenc/new_calibration/mainscript_DSW_10Jun2026.m',269,0)">line 269</a>)
] 
[Warning: Matrix is close to singular or badly scaled. Results may be inaccurate. RCOND =  1.267542e-22.] 
[> In <a href="matlab:matlab.lang.internal.introspective.errorDocCallback('dyn_first_order_solver', '/Applications/Dynare/6.4-arm64/matlab/stochastic_solver/dyn_first_order_solver.m', 283)" style="font-weight:bold">dyn_first_order_solver</a> (<a href="matlab: opentoline('/Applications/Dynare/6.4-arm64/matlab/stochastic_solver/dyn_first_order_solver.m',283,0)">line 283</a>)
In <a href="matlab:matlab.lang.internal.introspective.errorDocCallback('stochastic_solvers', '/Applications/Dynare/6.4-arm64/matlab/stochastic_solver/stochastic_solvers.m', 248)" style="font-weight:bold">stochastic_solvers</a> (<a href="matlab: opentoline('/Applications/Dynare/6.4-arm64/matlab/stochastic_solver/stochastic_solvers.m',248,0)">line 248</a>)
In <a href="matlab:matlab.lang.internal.introspective.errorDocCallback('resol', '/Applications/Dynare/6.4-arm64/matlab/stochastic_solver/resol.m', 115)" style="font-weight:bold">resol</a> (<a href="matlab: opentoline('/Applications/Dynare/6.4-arm64/matlab/stochastic_solver/resol.m',115,0)">line 115</a>)
In <a href="matlab:matlab.lang.internal.introspective.errorDocCallback('stoch_simul', '/Applications/Dynare/6.4-arm64/matlab/stochastic_solver/stoch_simul.m', 108)" style="font-weight:bold">stoch_simul</a> (<a href="matlab: opentoline('/Applications/Dynare/6.4-arm64/matlab/stochastic_solver/stoch_simul.m',108,0)">line 108</a>)
In <a href="matlab:matlab.lang.internal.introspective.errorDocCallback('DSW_2Sector_10Jun2026.driver', '/Users/raphaelvochtel/Documents/adspenc/new_calibration/+DSW_2Sector_10Jun2026/driver.m', 6202)" style="font-weight:bold">DSW_2Sector_10Jun2026.driver</a> (<a href="matlab: opentoline('/Users/raphaelvochtel/Documents/adspenc/new_calibration/+DSW_2Sector_10Jun2026/driver.m',6202,0)">line 6202</a>)
In <a href="matlab:matlab.lang.internal.introspective.errorDocCallback('dynare', '/Applications/Dynare/6.4-arm64/matlab/dynare.m', 308)" style="font-weight:bold">dynare</a> (<a href="matlab: opentoline('/Applications/Dynare/6.4-arm64/matlab/dynare.m',308,0)">line 308</a>)
In <a href="matlab:matlab.lang.internal.introspective.errorDocCallback('mainscript_DSW_10Jun2026', '/Users/raphaelvochtel/Documents/adspenc/new_calibration/mainscript_DSW_10Jun2026.m', 269)" style="font-weight:bold">mainscript_DSW_10Jun2026</a> (<a href="matlab: opentoline('/Users/raphaelvochtel/Documents/adspenc/new_calibration/mainscript_DSW_10Jun2026.m',269,0)">line 269</a>)
] 
Total computing time : 0h00m04s
Note: 1 warning(s) encountered in the preprocessor
Note: warning(s) encountered in MATLAB/Octave code
